gene_name,gene_code,predicted_cluster
NOC2L,ENSG00000188976,-1
KLHL17,ENSG00000187961,-1
ISG15,ENSG00000187608,-1
UBE2J2,ENSG00000160087,26
INTS11,ENSG00000127054,-1
MXRA8,ENSG00000162576,43
AURKAIP1,ENSG00000175756,36
MRPL20,ENSG00000242485,-1
ATAD3B,ENSG00000160072,27
ATAD3A,ENSG00000197785,36
SSU72,ENSG00000160075,-1
FAAP20,ENSG00000162585,20
RPL22,ENSG00000116251,0
NOL9,ENSG00000162408,-1
PARK7,ENSG00000116288,-1
ENO1,ENSG00000074800,35
LZIC,ENSG00000162441,-1
PGD,ENSG00000142657,-1
DFFA,ENSG00000160049,27
TARDBP,ENSG00000120948,-1
SRM,ENSG00000116649,-1
EXOSC10,ENSG00000171824,-1
MTOR,ENSG00000198793,-1
MAD2L2,ENSG00000116670,26
MFN2,ENSG00000116688,-1
MIIP,ENSG00000116691,26
VPS13D,ENSG00000048707,-1
DDI2,ENSG00000197312,44
SPEN,ENSG00000065526,43
ZBTB17,ENSG00000116809,-1
NECAP2,ENSG00000157191,43
SDHB,ENSG00000117118,28
MRTO4,ENSG00000053372,33
CAPZB,ENSG00000077549,22
MICOS10,ENSG00000173436,13
DDOST,ENSG00000244038,3
KDM1A,ENSG00000004487,-1
HNRNPR,ENSG00000125944,32
RPL11,ENSG00000142676,4
PITHD1,ENSG00000057757,23
SRSF10,ENSG00000188529,-1
SRRM1,ENSG00000133226,31
SYF2,ENSG00000117614,42
RSRP1,ENSG00000117616,40
TMEM50A,ENSG00000183726,-1
AUNIP,ENSG00000127423,-1
STMN1,ENSG00000117632,7
ZNF593,ENSG00000142684,-1
SH3BGRL3,ENSG00000142669,14
DHDDS,ENSG00000117682,-1
HMGN2,ENSG00000198830,-1
GPN2,ENSG00000142751,-1
NUDC,ENSG00000090273,-1
WDTC1,ENSG00000142784,-1
WASF2,ENSG00000158195,-1
PPP1R8,ENSG00000117751,-1
RPA2,ENSG00000117748,19
DNAJC8,ENSG00000126698,-1
ATP5IF1,ENSG00000130770,23
SESN2,ENSG00000130766,15
RCC1,ENSG00000180198,32
SNHG3,ENSG00000242125,6
TRNAU1AP,ENSG00000180098,-1
SNHG12,ENSG00000197989,-1
TAF12,ENSG00000120656,-1
YTHDF2,ENSG00000198492,-1
EPB41,ENSG00000159023,-1
SRSF4,ENSG00000116350,-1
LAPTM5,ENSG00000162511,14
PUM1,ENSG00000134644,-1
SNRNP40,ENSG00000060688,-1
ZCCHC17,ENSG00000121766,-1
PTP4A2,ENSG00000184007,-1
KPNA6,ENSG00000025800,43
CCDC28B,ENSG00000160050,-1
EIF3I,ENSG00000084623,-1
HDAC1,ENSG00000116478,-1
MARCKSL1,ENSG00000175130,-1
BSDC1,ENSG00000160058,42
ZBTB8OS,ENSG00000176261,-1
RBBP4,ENSG00000162521,19
KIAA1522,ENSG00000162522,22
YARS,ENSG00000134684,16
TMEM54,ENSG00000121900,-1
AK2,ENSG00000004455,36
SMIM12,ENSG00000163866,-1
SFPQ,ENSG00000116560,-1
ZMYM4,ENSG00000146463,-1
NCDN,ENSG00000020129,47
PSMB2,ENSG00000126067,8
CLSPN,ENSG00000092853,-1
AGO3,ENSG00000126070,42
MAP7D1,ENSG00000116871,26
THRAP3,ENSG00000054118,-1
EVA1B,ENSG00000142694,-1
LSM10,ENSG00000181817,-1
MRPS15,ENSG00000116898,-1
MEAF6,ENSG00000163875,-1
GNL2,ENSG00000134697,27
C1orf109,ENSG00000116922,-1
YRDC,ENSG00000196449,-1
C1orf122,ENSG00000197982,-1
MTF1,ENSG00000188786,37
SF3A3,ENSG00000183431,-1
FHL3,ENSG00000183386,-1
UTP11,ENSG00000183520,-1
AKIRIN1,ENSG00000174574,29
NDUFS5,ENSG00000168653,33
MACF1,ENSG00000127603,-1
PABPC4,ENSG00000090621,32
PPIE,ENSG00000084072,-1
CAP1,ENSG00000131236,14
RLF,ENSG00000117000,43
SMAP2,ENSG00000084070,14
NFYC,ENSG00000066136,-1
CTPS1,ENSG00000171793,-1
PPCS,ENSG00000127125,-1
PPIH,ENSG00000171960,32
YBX1,ENSG00000065978,35
SVBP,ENSG00000177868,-1
ERMAP,ENSG00000164010,11
SLC2A1,ENSG00000117394,11
EBNA1BP2,ENSG00000117395,-1
CDC20,ENSG00000117399,7
MED8,ENSG00000159479,25
IPO13,ENSG00000117408,-1
DPH2,ENSG00000132768,-1
ATP6V0B,ENSG00000117410,-1
DMAP1,ENSG00000178028,-1
RPS8,ENSG00000142937,-1
EIF2B3,ENSG00000070785,49
UROD,ENSG00000126088,11
MUTYH,ENSG00000132781,-1
TOE1,ENSG00000132773,-1
PRDX1,ENSG00000117450,34
NASP,ENSG00000132780,-1
UQCRH,ENSG00000173660,27
NSUN4,ENSG00000117481,-1
TAL1,ENSG00000162367,-1
STIL,ENSG00000123473,19
FAF1,ENSG00000185104,23
RNF11,ENSG00000123091,-1
NRDC,ENSG00000078618,-1
TXNDC12,ENSG00000117862,3
ORC1,ENSG00000085840,19
COA7,ENSG00000162377,-1
SCP2,ENSG00000116171,-1
MAGOH,ENSG00000162385,28
HSPB11,ENSG00000081870,9
LRRC42,ENSG00000116212,-1
TMEM59,ENSG00000116209,-1
MRPL37,ENSG00000116221,28
TTC4,ENSG00000243725,-1
DHCR24,ENSG00000116133,2
MYSM1,ENSG00000162601,37
JUN,ENSG00000177606,-1
NFIA,ENSG00000162599,41
USP1,ENSG00000162607,9
JAK1,ENSG00000162434,38
LEPROT,ENSG00000213625,-1
LEPR,ENSG00000116678,-1
MIER1,ENSG00000198160,-1
SERBP1,ENSG00000142864,35
GADD45A,ENSG00000116717,-1
SRSF11,ENSG00000116754,-1
ZRANB2,ENSG00000132485,-1
TYW3,ENSG00000162623,44
RABGGTB,ENSG00000137955,41
AC118549.1,ENSG00000036549,-1
RPF1,ENSG00000117133,-1
GNG5,ENSG00000174021,-1
SSX2IP,ENSG00000117155,11
ZNHIT6,ENSG00000117174,39
ODF2L,ENSG00000122417,-1
CLCA1,ENSG00000016490,10
SH3GLB1,ENSG00000097033,22
HS2ST1,ENSG00000153936,-1
LMO4,ENSG00000143013,-1
ZNF326,ENSG00000162664,-1
CDC7,ENSG00000097046,19
GLMN,ENSG00000174842,-1
RPAP2,ENSG00000122484,-1
RPL5,ENSG00000122406,5
DR1,ENSG00000117505,-1
DNTTIP2,ENSG00000067334,-1
GCLM,ENSG00000023909,-1
ALG14,ENSG00000172339,-1
SLC35A3,ENSG00000117620,-1
RNPC3,ENSG00000185946,-1
SLC25A24,ENSG00000085491,-1
FAM102B,ENSG00000162636,11
PRPF38B,ENSG00000134186,31
TAF13,ENSG00000197780,-1
SARS,ENSG00000031698,15
SORT1,ENSG00000134243,42
AHCYL1,ENSG00000168710,-1
STRIP1,ENSG00000143093,-1
RBM15,ENSG00000162775,-1
LAMTOR5,ENSG00000134248,-1
CD53,ENSG00000143119,14
LRIF1,ENSG00000121931,-1
DRAM2,ENSG00000156171,22
DENND2D,ENSG00000162777,-1
CHI3L2,ENSG00000064886,11
WDR77,ENSG00000116455,49
ATP5PB,ENSG00000116459,-1
RAP1A,ENSG00000116473,-1
DDX20,ENSG00000064703,-1
RHOC,ENSG00000155366,40
SLC16A1,ENSG00000155380,-1
HIPK1,ENSG00000163349,-1
BCAS2,ENSG00000116752,28
CSDE1,ENSG00000009307,51
ATP1A1,ENSG00000163399,1
TTF2,ENSG00000116830,-1
MAN1A2,ENSG00000198162,-1
WDR3,ENSG00000065183,49
PHGDH,ENSG00000092621,-1
SEC22B,ENSG00000265808,-1
POLR3C,ENSG00000186141,26
RBM8A,ENSG00000265241,27
POLR3GL,ENSG00000121851,22
TXNIP,ENSG00000265972,21
PDE4DIP,ENSG00000178104,-1
HIST2H2AC,ENSG00000184260,32
ANP32E,ENSG00000143401,32
MRPS21,ENSG00000266472,-1
RPRD2,ENSG00000163125,-1
TARS2,ENSG00000143374,-1
ADAMTSL4,ENSG00000143382,10
ENSA,ENSG00000143420,-1
CTSS,ENSG00000163131,14
SETDB1,ENSG00000143379,-1
SCNM1,ENSG00000163156,-1
VPS72,ENSG00000163159,-1
PIP5K1A,ENSG00000143398,39
PSMD4,ENSG00000159352,8
PSMB4,ENSG00000159377,-1
MRPL9,ENSG00000143436,-1
S100A10,ENSG00000197747,-1
S100A11,ENSG00000163191,14
S100A13,ENSG00000189171,40
ILF2,ENSG00000143621,-1
INTS3,ENSG00000143624,-1
JTB,ENSG00000143543,27
RPS27,ENSG00000177954,4
TPM3,ENSG00000143549,14
C1orf43,ENSG00000143612,-1
UBAP2L,ENSG00000143569,-1
HAX1,ENSG00000143575,16
ATP8B2,ENSG00000143515,-1
SHC1,ENSG00000160691,-1
CKS1B,ENSG00000173207,-1
DPM3,ENSG00000179085,6
KRTCAP2,ENSG00000163463,25
FDPS,ENSG00000160752,2
ASH1L,ENSG00000116539,42
DAP3,ENSG00000132676,27
SSR2,ENSG00000163479,3
UBQLN4,ENSG00000160803,-1
LAMTOR2,ENSG00000116586,-1
LMNA,ENSG00000160789,38
PMF1,ENSG00000160783,-1
SMG5,ENSG00000198952,-1
CCT3,ENSG00000163468,-1
GPATCH4,ENSG00000160818,-1
ISG20L2,ENSG00000143319,39
MRPL24,ENSG00000143314,-1
HDGF,ENSG00000143321,31
PRCC,ENSG00000143294,-1
LINC02772,ENSG00000271736,-1
DUSP23,ENSG00000158716,-1
TAGLN2,ENSG00000158710,-1
PEX19,ENSG00000162735,-1
COPA,ENSG00000122218,-1
PFDN2,ENSG00000143256,28
B4GALT3,ENSG00000158850,39
NDUFS2,ENSG00000158864,-1
FCER1G,ENSG00000158869,14
SDHC,ENSG00000143252,-1
DUSP12,ENSG00000081721,39
UHMK1,ENSG00000152332,-1
UAP1,ENSG00000117143,-1
MGST3,ENSG00000143198,-1
TMCO1,ENSG00000143183,22
TADA1,ENSG00000152382,44
CREG1,ENSG00000143162,40
RCSD1,ENSG00000198771,-1
MPZL1,ENSG00000197965,-1
MPC2,ENSG00000143158,30
TIPRL,ENSG00000143155,39
KIFAP3,ENSG00000075945,-1
PRRC2C,ENSG00000117523,-1
PRDX6,ENSG00000117592,49
GAS5,ENSG00000234741,-1
RABGAP1L,ENSG00000152061,-1
CACYBP,ENSG00000116161,33
MRPS14,ENSG00000120333,-1
FAM20B,ENSG00000116199,11
TOR3A,ENSG00000186283,19
CEP350,ENSG00000135837,42
ACBD6,ENSG00000230124,18
XPR1,ENSG00000143324,-1
GLUL,ENSG00000135821,-1
NPL,ENSG00000135838,-1
DHX9,ENSG00000135829,32
SMG7,ENSG00000116698,-1
ARPC5,ENSG00000162704,14
COLGALT2,ENSG00000198756,15
TSEN15,ENSG00000198860,-1
TPR,ENSG00000047410,-1
UCHL5,ENSG00000116750,36
RO60,ENSG00000116747,-1
GLRX2,ENSG00000023572,27
CDC73,ENSG00000134371,39
ASPM,ENSG00000066279,7
ZNF281,ENSG00000162702,-1
DDX59,ENSG00000118197,-1
TMEM9,ENSG00000116857,-1
NAV1,ENSG00000134369,41
IPO9,ENSG00000198700,39
PTPN7,ENSG00000143851,-1
KDM5B,ENSG00000117139,42
KLHL12,ENSG00000117153,-1
BTG2,ENSG00000159388,40
SNRPE,ENSG00000182004,-1
PPP1R15B,ENSG00000158615,-1
RBBP5,ENSG00000117222,-1
DSTYK,ENSG00000133059,-1
NUCKS1,ENSG00000069275,7
RAB29,ENSG00000117280,-1
CD55,ENSG00000196352,-1
CD46,ENSG00000117335,-1
UTP25,ENSG00000117597,-1
LINC00467,ENSG00000153363,-1
INTS7,ENSG00000143493,-1
NENF,ENSG00000117691,11
NSL1,ENSG00000117697,25
FLVCR1,ENSG00000162769,-1
CENPF,ENSG00000117724,7
KCTD3,ENSG00000136636,-1
RRP15,ENSG00000067533,27
LYPLAL1,ENSG00000143353,-1
EPRS,ENSG00000136628,16
IARS2,ENSG00000067704,49
TAF1A,ENSG00000143498,39
DEGS1,ENSG00000143753,-1
NVL,ENSG00000143748,-1
CNIH4,ENSG00000143771,25
WDR26,ENSG00000162923,42
SRP9,ENSG00000143742,23
SDE2,ENSG00000143751,43
H3F3A,ENSG00000163041,-1
PARP1,ENSG00000143799,-1
ARF1,ENSG00000143761,-1
C1orf35,ENSG00000143793,26
MRPL55,ENSG00000162910,27
GUK1,ENSG00000143774,-1
IBA57,ENSG00000181873,-1
HIST3H2A,ENSG00000181218,6
RNF187,ENSG00000168159,-1
NUP133,ENSG00000069248,-1
URB2,ENSG00000135763,-1
COG2,ENSG00000135775,-1
FAM89A,ENSG00000182118,15
C1orf131,ENSG00000143633,39
GNPAT,ENSG00000116906,-1
AL445524.1,ENSG00000233461,-1
TSNAX,ENSG00000116918,-1
IRF2BP2,ENSG00000168264,22
TOMM20,ENSG00000173726,0
ARID4B,ENSG00000054267,-1
B3GALNT2,ENSG00000162885,48
HEATR1,ENSG00000119285,49
FH,ENSG00000091483,33
CHML,ENSG00000203668,-1
EXO1,ENSG00000174371,19
SDCCAG8,ENSG00000054282,22
ADSS,ENSG00000035687,49
DESI2,ENSG00000121644,39
COX20,ENSG00000203667,-1
HNRNPU,ENSG00000153187,33
SMYD3,ENSG00000185420,22
SCCPDH,ENSG00000143653,-1
AHCTF1,ENSG00000153207,-1
ZNF695,ENSG00000197472,-1
ZNF496,ENSG00000162714,39
ACP1,ENSG00000143727,23
ADI1,ENSG00000182551,50
RNASEH1,ENSG00000171865,27
RPS7,ENSG00000171863,0
CMPK2,ENSG00000134326,22
ITGB1BP1,ENSG00000119185,27
CPSF3,ENSG00000119203,-1
YWHAQ,ENSG00000134308,-1
TAF1B,ENSG00000115750,-1
RRM2,ENSG00000171848,-1
ODC1,ENSG00000115758,33
NOL10,ENSG00000115761,27
PDIA6,ENSG00000143870,3
ROCK2,ENSG00000134318,-1
LPIN1,ENSG00000134324,11
TRIB2,ENSG00000071575,27
NBAS,ENSG00000151779,11
DDX1,ENSG00000079785,36
LAPTM4A,ENSG00000068697,43
SF3B6,ENSG00000115128,-1
NCOA1,ENSG00000084676,-1
HADHA,ENSG00000084754,-1
SLC35F6,ENSG00000213699,-1
CENPA,ENSG00000115163,7
TMEM214,ENSG00000119777,-1
AGBL5,ENSG00000084693,-1
OST4,ENSG00000228474,-1
PREB,ENSG00000138073,39
ATRAID,ENSG00000138085,-1
CAD,ENSG00000084774,-1
GTF3C2,ENSG00000115207,44
EIF2B4,ENSG00000115211,-1
PPM1G,ENSG00000115241,32
NRBP1,ENSG00000115216,-1
GPN1,ENSG00000198522,-1
MRPL33,ENSG00000243147,12
PPP1CB,ENSG00000213639,-1
WDR43,ENSG00000163811,36
TTC27,ENSG00000018699,50
LTBP1,ENSG00000049323,11
CEBPZOS,ENSG00000218739,-1
CEBPZ,ENSG00000115816,31
PRKD3,ENSG00000115825,-1
SRSF7,ENSG00000115875,-1
GEMIN6,ENSG00000152147,-1
MORN2,ENSG00000188010,-1
MAP4K3-DT,ENSG00000231312,-1
EML4,ENSG00000143924,-1
COX7A2L,ENSG00000115944,-1
DYNC2LI1,ENSG00000138036,-1
LRPPRC,ENSG00000138095,32
MCFD2,ENSG00000180398,14
CALM2,ENSG00000143933,-1
EPCAM,ENSG00000119888,41
MSH2,ENSG00000095002,32
SPTBN1,ENSG00000115306,42
RTN4,ENSG00000115310,15
RPS27A,ENSG00000143947,4
MTIF2,ENSG00000085760,27
CCDC88A,ENSG00000115355,-1
PNPT1,ENSG00000138035,27
XPO1,ENSG00000082898,-1
CCT4,ENSG00000115484,-1
ACTR2,ENSG00000138071,14
C1D,ENSG00000197223,18
PNO1,ENSG00000115946,27
NFU1,ENSG00000169599,-1
SNRNP27,ENSG00000124380,-1
PCBP1,ENSG00000169564,-1
TIA1,ENSG00000116001,-1
SNRPG,ENSG00000143977,-1
FAM136A,ENSG00000035141,-1
MCEE,ENSG00000124370,39
MPHOSPH10,ENSG00000124383,27
CCT7,ENSG00000135624,-1
TPRKB,ENSG00000144034,28
DGUOK,ENSG00000114956,22
BOLA3,ENSG00000163170,36
MTHFD2,ENSG00000065911,16
INO80B,ENSG00000115274,-1
AUP1,ENSG00000115307,23
POLE4,ENSG00000115350,-1
MRPL19,ENSG00000115364,-1
TMSB10,ENSG00000034510,10
KCMF1,ENSG00000176407,26
CAPG,ENSG00000042493,17
MAT2A,ENSG00000168906,6
VAMP8,ENSG00000118640,14
RNF181,ENSG00000168894,-1
USP39,ENSG00000168883,-1
POLR1A,ENSG00000068654,-1
PTCD3,ENSG00000132300,51
MRPL35,ENSG00000132313,-1
CHMP3,ENSG00000115561,-1
RPIA,ENSG00000153574,51
MRPS5,ENSG00000144029,-1
STARD7,ENSG00000084090,-1
CIAO1,ENSG00000144021,-1
KANSL3,ENSG00000114982,48
ANKRD39,ENSG00000213337,-1
FAM178B,ENSG00000168754,11
COX5B,ENSG00000135940,-1
COA5,ENSG00000183513,12
UNC50,ENSG00000115446,39
EIF5B,ENSG00000158417,-1
RPL31,ENSG00000071082,0
CNOT11,ENSG00000158435,-1
MRPS9,ENSG00000135972,27
GCC2,ENSG00000135968,42
LIMS1,ENSG00000169756,22
BUB1,ENSG00000169679,7
BCL2L11,ENSG00000153094,-1
ZC3H8,ENSG00000144161,26
POLR1B,ENSG00000125630,51
CHCHD5,ENSG00000125611,-1
SLC20A1,ENSG00000144136,-1
ACTR3,ENSG00000115091,-1
DDX18,ENSG00000088205,-1
DBI,ENSG00000155368,14
CLASP1,ENSG00000074054,-1
NIFK,ENSG00000155438,27
GYPC,ENSG00000136732,-1
ERCC3,ENSG00000163161,-1
IWS1,ENSG00000163166,-1
SAP130,ENSG00000136715,-1
MZT2B,ENSG00000152082,-1
CCDC115,ENSG00000136710,-1
IMP4,ENSG00000136718,51
MZT2A,ENSG00000173272,41
MCM6,ENSG00000076003,32
DARS,ENSG00000115866,18
ZEB2,ENSG00000169554,-1
ORC4,ENSG00000115947,-1
MBD5,ENSG00000204406,-1
EPC2,ENSG00000135999,45
NMI,ENSG00000123609,-1
RIF1,ENSG00000080345,19
ARL5A,ENSG00000162980,-1
PRPF40A,ENSG00000196504,27
ARL6IP6,ENSG00000177917,19
BAZ2B,ENSG00000123636,42
PSMD14,ENSG00000115233,8
CERS6,ENSG00000172292,39
SPC25,ENSG00000152253,7
SSB,ENSG00000138385,36
METTL5,ENSG00000138382,-1
GAD1,ENSG00000128683,41
METTL8,ENSG00000123600,-1
OLA1,ENSG00000138430,27
CIR1,ENSG00000138433,42
ATP5MC3,ENSG00000154518,35
HNRNPA3,ENSG00000170144,32
AGPS,ENSG00000018510,-1
PRKRA,ENSG00000180228,-1
NCKAP1,ENSG00000061676,-1
ZC3H15,ENSG00000065548,-1
TFPI,ENSG00000003436,42
WDR75,ENSG00000115368,-1
SLC40A1,ENSG00000138449,-1
ORMDL1,ENSG00000128699,-1
C2orf88,ENSG00000187699,-1
NAB1,ENSG00000138386,37
NABP1,ENSG00000173559,-1
SLC39A10,ENSG00000196950,-1
GTF3C3,ENSG00000119041,-1
SF3B1,ENSG00000115524,31
COQ10B,ENSG00000115520,43
HSPD1,ENSG00000144381,35
HSPE1,ENSG00000115541,35
MOB4,ENSG00000115540,-1
SATB2,ENSG00000119042,-1
BZW1,ENSG00000082153,-1
NDUFB3,ENSG00000119013,-1
CFLAR,ENSG00000003402,-1
SUMO1,ENSG00000116030,-1
NOP58,ENSG00000055044,36
WDR12,ENSG00000138442,36
INO80D,ENSG00000114933,37
EEF1B2,ENSG00000114942,5
METTL21A,ENSG00000144401,-1
FZD5,ENSG00000163251,-1
IDH1,ENSG00000138413,15
PIKFYVE,ENSG00000115020,-1
ATIC,ENSG00000138363,36
XRCC5,ENSG00000079246,-1
RPL37A,ENSG00000197756,5
IGFBP2,ENSG00000115457,-1
ARPC2,ENSG00000163466,22
AAMP,ENSG00000127837,-1
PNKD,ENSG00000127838,30
USP37,ENSG00000135913,19
CNOT9,ENSG00000144580,-1
GMPPA,ENSG00000144591,-1
ASIC4,ENSG00000072182,-1
FARSB,ENSG00000116120,27
ACSL3,ENSG00000123983,46
MRPL44,ENSG00000135900,-1
CUL3,ENSG00000036257,-1
MFF,ENSG00000168958,39
CAB39,ENSG00000135932,26
NCL,ENSG00000115053,35
PTMA,ENSG00000187514,35
DIS3L2,ENSG00000144535,48
EIF4E2,ENSG00000135930,31
GIGYF2,ENSG00000204120,39
DGKD,ENSG00000077044,-1
HJURP,ENSG00000123485,7
COPS8,ENSG00000198612,-1
LRRFIP1,ENSG00000124831,39
HES6,ENSG00000144485,36
COPS9,ENSG00000172428,-1
PPP1R7,ENSG00000115685,-1
DTYMK,ENSG00000168393,36
ING5,ENSG00000168395,-1
TRNT1,ENSG00000072756,-1
BHLHE40,ENSG00000134107,-1
THUMPD3-AS1,ENSG00000206573,6
SETD5,ENSG00000168137,-1
TADA3,ENSG00000171148,-1
ARPC4,ENSG00000241553,-1
TTLL3,ENSG00000214021,-1
EMC3,ENSG00000125037,43
BRK1,ENSG00000254999,-1
SEC13,ENSG00000157020,-1
TAMM41,ENSG00000144559,-1
TSEN2,ENSG00000154743,50
RPL32,ENSG00000144713,5
CHCHD4,ENSG00000163528,49
XPC,ENSG00000154767,-1
LSM3,ENSG00000170860,-1
CCDC174,ENSG00000154781,22
MRPS25,ENSG00000131368,-1
SH3BP5,ENSG00000131370,-1
DPH3,ENSG00000154813,24
RAB5A,ENSG00000144566,29
UBE2E1,ENSG00000170142,-1
RPL15,ENSG00000174748,5
NGLY1,ENSG00000151092,-1
CMC1,ENSG00000187118,39
STT3B,ENSG00000163527,-1
CMTM6,ENSG00000091317,-1
DYNC1LI1,ENSG00000144635,-1
CNOT10,ENSG00000182973,-1
TRIM71,ENSG00000206557,44
GLB1,ENSG00000170266,40
EPM2AIP1,ENSG00000178567,6
MLH1,ENSG00000076242,-1
GOLGA4,ENSG00000144674,-1
RPSA,ENSG00000168028,5
EIF1B,ENSG00000114784,-1
RPL14,ENSG00000188846,5
CTNNB1,ENSG00000168036,46
SEC22C,ENSG00000093183,-1
SS18L2,ENSG00000008324,-1
HIGD1A,ENSG00000181061,13
ABHD5,ENSG00000011198,11
KIAA1143,ENSG00000163807,-1
KIF15,ENSG00000163808,7
EXOSC7,ENSG00000075914,-1
LARS2,ENSG00000011376,44
SACM1L,ENSG00000211456,-1
SETD2,ENSG00000181555,43
SCAP,ENSG00000114650,-1
SMARCC1,ENSG00000173473,36
DHX30,ENSG00000132153,-1
NME6,ENSG00000172113,-1
TMA7,ENSG00000232112,13
ATRIP,ENSG00000164053,-1
SHISA5,ENSG00000164054,43
UQCRC1,ENSG00000010256,51
IP6K2,ENSG00000068745,-1
PRKAR2A,ENSG00000114302,-1
ARIH2,ENSG00000177479,-1
NDUFAF3,ENSG00000178057,-1
IMPDH2,ENSG00000178035,-1
QARS,ENSG00000172053,-1
APEH,ENSG00000164062,-1
MON1A,ENSG00000164077,-1
GNAI2,ENSG00000114353,14
RASSF1,ENSG00000068028,-1
NPRL2,ENSG00000114388,39
CISH,ENSG00000114737,42
MANF,ENSG00000145050,3
TEX264,ENSG00000164081,-1
RRP9,ENSG00000114767,36
ABHD14B,ENSG00000114779,-1
ACY1,ENSG00000243989,-1
RPL29,ENSG00000162244,5
ALAS1,ENSG00000023330,-1
WDR82,ENSG00000164091,-1
BAP1,ENSG00000163930,-1
NT5DC2,ENSG00000168268,-1
SMIM4,ENSG00000168273,24
PBRM1,ENSG00000163939,-1
GNL3,ENSG00000163938,-1
SPCS1,ENSG00000114902,-1
TKT,ENSG00000163931,32
ACTR8,ENSG00000113812,39
SELENOK,ENSG00000113811,-1
APPL1,ENSG00000157500,-1
ARF4,ENSG00000168374,29
RPP14,ENSG00000163684,39
THOC7,ENSG00000163634,39
ATXN7,ENSG00000163635,47
PSMD6,ENSG00000163636,8
UBA3,ENSG00000144744,-1
ARL6IP5,ENSG00000144746,42
MITF,ENSG00000187098,-1
PPP4R2,ENSG00000163605,-1
PROS1,ENSG00000184500,-1
MTRNR2L12,ENSG00000269028,1
CMSS1,ENSG00000184220,27
TBC1D23,ENSG00000036054,11
TFG,ENSG00000114354,-1
TRMT10C,ENSG00000174173,-1
PCNP,ENSG00000081154,-1
RPL24,ENSG00000114391,0
BBX,ENSG00000114439,22
CD47,ENSG00000196776,10
CIP2A,ENSG00000163507,-1
ATG3,ENSG00000144848,28
NAA50,ENSG00000121579,49
ATP6V1A,ENSG00000114573,-1
COX17,ENSG00000138495,-1
GSK3B,ENSG00000082701,-1
NDUFB4,ENSG00000065518,-1
GTF2E1,ENSG00000153767,-1
GOLGB1,ENSG00000173230,42
CCDC58,ENSG00000160124,28
FAM162A,ENSG00000114023,-1
CCDC14,ENSG00000175455,-1
UMPS,ENSG00000114491,51
SNX4,ENSG00000114520,-1
MCM2,ENSG00000073111,32
PODXL2,ENSG00000114631,51
SEC61A1,ENSG00000058262,3
RUVBL1,ENSG00000175792,-1
EEFSEC,ENSG00000132394,-1
GATA2,ENSG00000179348,-1
RPN1,ENSG00000163902,-1
CNBP,ENSG00000169714,27
H1FX,ENSG00000184897,-1
MRPL3,ENSG00000114686,-1
UBA5,ENSG00000081307,-1
CDV3,ENSG00000091527,36
SRPRB,ENSG00000144867,39
ANAPC13,ENSG00000129055,-1
SLC35G2,ENSG00000168917,39
DBR1,ENSG00000138231,44
PIK3CB,ENSG00000051382,10
MRPS22,ENSG00000175110,28
ZBTB38,ENSG00000177311,-1
RNF7,ENSG00000114125,-1
ATP1B3,ENSG00000069849,-1
TFDP2,ENSG00000114126,-1
ATR,ENSG00000175054,-1
U2SURP,ENSG00000163714,-1
CHST2,ENSG00000175040,-1
PLOD2,ENSG00000152952,-1
GYG1,ENSG00000163754,39
HLTF,ENSG00000071794,-1
SERP1,ENSG00000120742,3
MBNL1,ENSG00000152601,-1
DHX36,ENSG00000174953,-1
GMPS,ENSG00000163655,49
SSR3,ENSG00000114850,3
CCNL1,ENSG00000163660,-1
RSRC1,ENSG00000174891,-1
GFM1,ENSG00000168827,-1
KPNA4,ENSG00000186432,26
NMD3,ENSG00000169251,39
GOLIM4,ENSG00000173905,-1
SEC62,ENSG00000008952,43
PRKCI,ENSG00000163558,-1
SKIL,ENSG00000136603,-1
RPL22L1,ENSG00000163584,-1
TNIK,ENSG00000154310,-1
TNFSF10,ENSG00000121858,14
ZMAT3,ENSG00000172667,43
ACTL6A,ENSG00000136518,-1
MRPL47,ENSG00000136522,-1
NDUFB5,ENSG00000136521,-1
DNAJC19,ENSG00000205981,-1
ATP11B,ENSG00000058063,-1
YEATS2,ENSG00000163872,39
EIF2B5,ENSG00000145191,-1
AP2M1,ENSG00000161203,-1
PSMD2,ENSG00000175166,8
EIF4G1,ENSG00000114867,32
POLR2H,ENSG00000163882,32
TRA2B,ENSG00000136527,-1
DNAJB11,ENSG00000090520,3
EIF4A2,ENSG00000156976,-1
RFC4,ENSG00000163918,9
RPL39L,ENSG00000163923,-1
OPA1,ENSG00000198836,-1
LSG1,ENSG00000041802,-1
TFRC,ENSG00000072274,-1
PCYT1A,ENSG00000161217,-1
RNF168,ENSG00000163961,42
PAK2,ENSG00000180370,10
SENP5,ENSG00000119231,-1
NCBP2,ENSG00000114503,-1
DLG1,ENSG00000075711,46
RPL35A,ENSG00000182899,5
ZNF595,ENSG00000272602,6
ATP5ME,ENSG00000169020,13
CTBP1,ENSG00000159692,39
SLBP,ENSG00000163950,32
LETM1,ENSG00000168924,-1
NSD2,ENSG00000109685,19
NELFA,ENSG00000185049,-1
C4orf48,ENSG00000243449,-1
MXD4,ENSG00000123933,-1
NOP14,ENSG00000087269,-1
LYAR,ENSG00000145220,36
STX18,ENSG00000168818,39
KIAA0232,ENSG00000170871,-1
GRPEL1,ENSG00000109519,49
BOD1L1,ENSG00000038219,43
QDPR,ENSG00000151552,51
MED28,ENSG00000118579,-1
DHX15,ENSG00000109606,31
STIM2,ENSG00000109689,-1
PGM2,ENSG00000169299,-1
RPL9,ENSG00000163682,5
UBE2K,ENSG00000078140,39
N4BP2,ENSG00000078177,-1
RHOH,ENSG00000168421,22
SLC30A9,ENSG00000014824,-1
FRYL,ENSG00000075539,43
OCIAD1,ENSG00000109180,26
DANCR,ENSG00000226950,6
FIP1L1,ENSG00000145216,26
CLOCK,ENSG00000134852,45
EXOC1,ENSG00000090989,-1
PPAT,ENSG00000128059,-1
PAICS,ENSG00000128050,33
SRP72,ENSG00000174780,28
REST,ENSG00000084093,43
POLR2B,ENSG00000047315,-1
CENPC,ENSG00000145241,-1
UBA6,ENSG00000033178,-1
UBA6-AS1,ENSG00000248049,45
GRSF1,ENSG00000132463,-1
MOB1B,ENSG00000173542,-1
MTHFD2L,ENSG00000163738,6
RCHY1,ENSG00000163743,-1
SDAD1,ENSG00000198301,-1
NUP54,ENSG00000138750,39
SEPTIN11,ENSG00000138758,27
CCNI,ENSG00000118816,14
MRPL1,ENSG00000169288,28
ANXA3,ENSG00000138772,15
BMP2K,ENSG00000138756,43
HNRNPD,ENSG00000138668,33
HNRNPDL,ENSG00000152795,-1
SEC31A,ENSG00000138674,39
LIN54,ENSG00000189308,-1
COPS4,ENSG00000138663,18
COQ2,ENSG00000173085,-1
MRPS18C,ENSG00000163319,23
ABRAXAS1,ENSG00000163322,-1
PYURF,ENSG00000145337,27
PDLIM5,ENSG00000163110,-1
RAP1GDS1,ENSG00000138698,39
EIF4E,ENSG00000151247,-1
ADH5,ENSG00000197894,28
LAMTOR3,ENSG00000109270,-1
H2AFZ,ENSG00000164032,-1
SLC39A8,ENSG00000138821,11
UBE2D3,ENSG00000109332,-1
PAPSS1,ENSG00000138801,-1
LEF1,ENSG00000138795,39
RPL34,ENSG00000109475,5
OSTC,ENSG00000198856,3
PLA2G12A,ENSG00000123739,27
GAR1,ENSG00000109534,36
ELOVL6,ENSG00000170522,-1
LARP7,ENSG00000174720,39
SNHG8,ENSG00000269893,-1
METTL14,ENSG00000145388,-1
C4orf3,ENSG00000164096,-1
MAD2L1,ENSG00000164109,32
ANXA5,ENSG00000164111,-1
EXOSC9,ENSG00000123737,27
CCNA2,ENSG00000145386,7
SPATA5,ENSG00000145375,-1
SLC7A11,ENSG00000151012,16
NDUFC1,ENSG00000109390,-1
NAA15,ENSG00000164134,27
MGST2,ENSG00000085871,-1
SMARCA5,ENSG00000153147,46
GYPE,ENSG00000197465,-1
GYPB,ENSG00000250361,-1
GYPA,ENSG00000170180,-1
ABCE1,ENSG00000164163,36
LSM6,ENSG00000164167,49
RPS3A,ENSG00000145425,5
FBXW7,ENSG00000109670,-1
PPID,ENSG00000171497,-1
FNIP2,ENSG00000052795,22
NAF1,ENSG00000145414,-1
TMA16,ENSG00000198498,-1
MSMO1,ENSG00000052802,2
CLCN3,ENSG00000109572,42
HMGB2,ENSG00000164104,7
SAP30,ENSG00000164105,26
SPCS3,ENSG00000129128,3
DCTD,ENSG00000129187,-1
CDKN2AIP,ENSG00000168564,-1
TRAPPC11,ENSG00000168538,-1
SLC25A4,ENSG00000151729,-1
CFAP97,ENSG00000164323,-1
SDHA,ENSG00000073578,51
PDCD6,ENSG00000249915,-1
EXOC3,ENSG00000180104,-1
MRPL36,ENSG00000171421,36
NDUFS6,ENSG00000145494,-1
ICE1,ENSG00000164151,-1
MED10,ENSG00000133398,-1
CCT5,ENSG00000150753,-1
CMBL,ENSG00000164237,-1
ZNF622,ENSG00000173545,-1
DROSHA,ENSG00000113360,-1
C5orf22,ENSG00000082213,-1
ZFR,ENSG00000056097,26
SUB1,ENSG00000113387,-1
TARS,ENSG00000113407,-1
RAI14,ENSG00000039560,-1
BRIX1,ENSG00000113460,27
DNAJC21,ENSG00000168724,-1
SKP2,ENSG00000145604,-1
NIPBL,ENSG00000164190,42
RICTOR,ENSG00000164327,-1
RPL37,ENSG00000145592,5
OXCT1,ENSG00000083720,-1
C5orf51,ENSG00000205765,39
SELENOP,ENSG00000250722,40
HMGCS1,ENSG00000112972,2
PAIP1,ENSG00000172239,-1
MRPS30,ENSG00000112996,28
PELO,ENSG00000152684,-1
DHX29,ENSG00000067248,-1
MTREX,ENSG00000039123,-1
GPBP1,ENSG00000062194,42
NDUFAF2,ENSG00000164182,27
KIF2A,ENSG00000068796,-1
DIMT1,ENSG00000086189,36
SREK1IP1,ENSG00000153006,39
CWC27,ENSG00000153015,-1
CENPK,ENSG00000123219,9
NLN,ENSG00000123213,-1
MRPS36,ENSG00000134056,-1
CCDC125,ENSG00000183323,20
TAF9,ENSG00000273841,51
GTF2H2,ENSG00000145736,51
BDP1,ENSG00000145734,-1
MAP1B,ENSG00000131711,15
MRPS27,ENSG00000113048,-1
TNPO1,ENSG00000083312,50
BTF3,ENSG00000145741,0
UTP15,ENSG00000164338,51
NSA2,ENSG00000164346,-1
HMGCR,ENSG00000113161,2
CERT1,ENSG00000113163,-1
IQGAP2,ENSG00000145703,-1
AGGF1,ENSG00000164252,20
TBCA,ENSG00000171530,32
DHFR,ENSG00000228716,19
MSH3,ENSG00000113318,-1
ZCCHC9,ENSG00000131732,-1
SSBP2,ENSG00000145687,-1
RPS23,ENSG00000186468,4
TMEM167A,ENSG00000174695,-1
XRCC4,ENSG00000152422,-1
COX7C,ENSG00000127184,-1
CCNH,ENSG00000134480,-1
TMEM161B,ENSG00000164180,-1
TMEM161B-AS1,ENSG00000247828,-1
MEF2C,ENSG00000081189,-1
RFESD,ENSG00000175449,23
RHOBTB3,ENSG00000164292,22
RIOK2,ENSG00000058729,39
PPIP5K2,ENSG00000145725,49
C5orf30,ENSG00000181751,-1
PJA2,ENSG00000198961,-1
WDR36,ENSG00000134987,49
EPB41L4A-AS1,ENSG00000224032,-1
APC,ENSG00000134982,-1
SRP19,ENSG00000153037,-1
REEP5,ENSG00000129625,-1
DCP2,ENSG00000172795,46
TMED7,ENSG00000134970,-1
ATG12,ENSG00000145782,-1
AP3S1,ENSG00000177879,-1
DMXL1,ENSG00000172869,46
SRFBP1,ENSG00000151304,39
SNX2,ENSG00000205302,30
PPIC,ENSG00000168938,40
PHAX,ENSG00000164902,-1
ISOC1,ENSG00000066583,-1
HINT1,ENSG00000169567,-1
LYRM7,ENSG00000186687,-1
UQCRQ,ENSG00000164405,36
AFF4,ENSG00000072364,42
ZCCHC10,ENSG00000155329,25
VDAC1,ENSG00000213585,34
SKP1,ENSG00000113558,46
PPP2CA,ENSG00000113575,-1
CAMLG,ENSG00000164615,-1
DDX46,ENSG00000145833,31
PITX1,ENSG00000069011,-1
H2AFY,ENSG00000113648,-1
HNRNPA0,ENSG00000177733,-1
BRD8,ENSG00000112983,46
KIF20A,ENSG00000112984,7
EGR1,ENSG00000120738,17
ETF1,ENSG00000120705,-1
HSPA9,ENSG00000113013,-1
SNHG4,ENSG00000281398,6
PAIP2,ENSG00000120727,-1
UBE2D2,ENSG00000131508,23
CXXC5,ENSG00000171604,26
PURA,ENSG00000185129,-1
CYSTM1,ENSG00000120306,-1
SRA1,ENSG00000213523,24
SLC35A4,ENSG00000176087,-1
NDUFA2,ENSG00000131495,-1
IK,ENSG00000113141,-1
WDR55,ENSG00000120314,-1
HARS,ENSG00000170445,-1
HARS2,ENSG00000112855,-1
ZMAT2,ENSG00000146007,20
TAF7,ENSG00000178913,42
DIAPH1,ENSG00000131504,31
GNPDA1,ENSG00000113552,-1
LARS,ENSG00000133706,-1
TCERG1,ENSG00000113649,-1
CSNK1A1,ENSG00000113712,29
PPARGC1B,ENSG00000155846,-1
HMGXB3,ENSG00000113716,45
TCOF1,ENSG00000070814,-1
RPS14,ENSG00000164587,5
DCTN4,ENSG00000132912,-1
ANXA6,ENSG00000197043,-1
CCDC69,ENSG00000198624,24
GEMIN5,ENSG00000082516,49
MRPL22,ENSG00000082515,-1
MED7,ENSG00000155868,39
THG1L,ENSG00000113272,-1
CLINT1,ENSG00000113282,39
RNF145,ENSG00000145860,-1
TTC1,ENSG00000113312,-1
PTTG1,ENSG00000164611,7
CCNG1,ENSG00000113328,-1
NUDCD2,ENSG00000170584,13
MAT2B,ENSG00000038274,-1
RARS,ENSG00000113643,-1
SPDL1,ENSG00000040275,-1
DOCK2,ENSG00000134516,10
NPM1,ENSG00000181163,35
FBXW11,ENSG00000072803,-1
RPL26L1,ENSG00000037241,27
ATP6V0E1,ENSG00000113732,38
BNIP1,ENSG00000113734,-1
BOD1,ENSG00000145919,-1
CPEB4,ENSG00000113742,-1
THOC3,ENSG00000051596,51
AC139493.2,ENSG00000283235,-1
NOP16,ENSG00000048162,33
HIGD2A,ENSG00000146066,-1
CLTB,ENSG00000175416,-1
NSD1,ENSG00000165671,-1
PRELID1,ENSG00000169230,33
DBN1,ENSG00000113758,-1
DDX41,ENSG00000183258,24
TMED9,ENSG00000184840,3
NHP2,ENSG00000145912,49
HNRNPAB,ENSG00000197451,-1
HNRNPH1,ENSG00000169045,-1
CANX,ENSG00000127022,-1
MGAT4B,ENSG00000161013,-1
SQSTM1,ENSG00000161011,-1
CNOT6,ENSG00000113300,-1
RACK1,ENSG00000204628,5
SERPINB1,ENSG00000021355,-1
SERPINB6,ENSG00000124570,-1
NQO2,ENSG00000124588,-1
TUBB2A,ENSG00000137267,17
TUBB2B,ENSG00000137285,17
PSMG4,ENSG00000180822,36
PRPF4B,ENSG00000112739,-1
ECI2,ENSG00000198721,-1
RPP40,ENSG00000124787,-1
SSR1,ENSG00000124783,3
RIOK1,ENSG00000124784,-1
SNRNP48,ENSG00000168566,-1
EEF1E1,ENSG00000124802,-1
TMEM14C,ENSG00000111843,-1
TMEM14B,ENSG00000137210,-1
NOL7,ENSG00000225921,-1
MCUR1,ENSG00000050393,-1
JARID2,ENSG00000008083,43
DTNBP1,ENSG00000047579,26
MYLIP,ENSG00000007944,-1
GMPR,ENSG00000137198,11
NUP153,ENSG00000124789,-1
TPMT,ENSG00000137364,-1
DEK,ENSG00000124795,9
MRS2,ENSG00000124532,-1
ACOT13,ENSG00000112304,-1
GMNN,ENSG00000112312,32
TRIM38,ENSG00000112343,38
HIST1H1C,ENSG00000187837,-1
HIST1H4C,ENSG00000197061,32
HIST1H2BC,ENSG00000180596,-1
HIST1H2AC,ENSG00000180573,-1
HIST1H1E,ENSG00000168298,32
HIST1H2BH,ENSG00000275713,-1
HIST1H4H,ENSG00000158406,-1
HMGN4,ENSG00000182952,-1
ABT1,ENSG00000146109,18
HIST1H2BJ,ENSG00000124635,-1
HIST1H2AG,ENSG00000196787,-1
HIST1H2AH,ENSG00000274997,32
HIST1H2BN,ENSG00000233822,-1
HIST1H1B,ENSG00000184357,32
ZSCAN16-AS1,ENSG00000269293,6
ZNRD1,ENSG00000066379,-1
PPP1R11,ENSG00000204619,-1
HCG18,ENSG00000231074,-1
RPP21,ENSG00000241370,-1
ABCF1,ENSG00000204574,-1
PPP1R10,ENSG00000204569,6
MRPS18B,ENSG00000204568,28
PPP1R18,ENSG00000146112,14
TUBB,ENSG00000196230,32
FLOT1,ENSG00000137312,22
IER3,ENSG00000137331,17
GTF2H4,ENSG00000213780,-1
VARS2,ENSG00000137411,-1
HLA-C,ENSG00000204525,22
DDX39B,ENSG00000198563,-1
AIF1,ENSG00000204472,14
PRRC2A,ENSG00000204469,-1
BAG6,ENSG00000204463,-1
CSNK2B,ENSG00000204435,26
MPIG6B,ENSG00000204420,11
CLIC1,ENSG00000213719,14
VARS,ENSG00000204394,32
LSM2,ENSG00000204392,-1
HSPA1A,ENSG00000204389,-1
SNHG32,ENSG00000204387,-1
NEU1,ENSG00000204386,40
EHMT2,ENSG00000204371,-1
NELFE,ENSG00000204356,26
RNF5,ENSG00000204308,-1
PBX2,ENSG00000204304,-1
GPSM3,ENSG00000213654,-1
BRD2,ENSG00000204256,-1
SLC39A7,ENSG00000112473,-1
RPS18,ENSG00000231500,-1
WDR46,ENSG00000227057,-1
TAPBP,ENSG00000231925,-1
DAXX,ENSG00000204209,50
PHF1,ENSG00000112511,-1
CUTA,ENSG00000112514,-1
UQCC2,ENSG00000137288,9
HMGA1,ENSG00000137309,32
SMIM29,ENSG00000186577,-1
RPS10,ENSG00000124614,0
SNRPC,ENSG00000124562,27
UHRF1BP1,ENSG00000065060,-1
TAF11,ENSG00000064995,-1
RPL10A,ENSG00000198755,5
FKBP5,ENSG00000096060,-1
SRPK1,ENSG00000096063,-1
SRSF3,ENSG00000112081,-1
MTCH1,ENSG00000137409,29
PIM1,ENSG00000137193,15
CMTR1,ENSG00000137200,39
GLO1,ENSG00000124767,18
TOMM6,ENSG00000214736,32
MED20,ENSG00000124641,39
BYSL,ENSG00000112578,-1
CCND3,ENSG00000112576,-1
TAF8,ENSG00000137413,-1
MRPS10,ENSG00000048544,23
RPL7L1,ENSG00000146223,27
MEA1,ENSG00000124733,24
RRP36,ENSG00000124541,18
MRPL2,ENSG00000112651,27
DNPH1,ENSG00000112667,-1
POLR1C,ENSG00000171453,51
XPO5,ENSG00000124571,51
MRPS18A,ENSG00000096080,-1
MRPL14,ENSG00000180992,-1
HSP90AB1,ENSG00000096384,35
SLC35B2,ENSG00000157593,-1
AARS2,ENSG00000124608,48
CDC5L,ENSG00000096401,-1
RHAG,ENSG00000112077,-1
MCM3,ENSG00000112118,32
GCLC,ENSG00000001084,48
DST,ENSG00000151914,-1
ZNF451,ENSG00000112200,-1
BAG2,ENSG00000112208,49
PRIM2,ENSG00000146143,-1
PHF3,ENSG00000118482,46
AL713998.1,ENSG00000227706,22
EEF1A1,ENSG00000156508,4
COX7A2,ENSG00000112695,13
TMEM30A,ENSG00000112697,-1
MYO6,ENSG00000196586,22
HMGN3,ENSG00000118418,13
TTK,ENSG00000112742,7
IBTK,ENSG00000005700,-1
UBE3D,ENSG00000118420,-1
SYNCRIP,ENSG00000135316,33
SNHG5,ENSG00000203875,5
ZNF292,ENSG00000188994,-1
RARS2,ENSG00000146282,-1
AKIRIN2,ENSG00000135334,-1
RNGTT,ENSG00000111880,-1
PNRC1,ENSG00000146278,40
LYRM2,ENSG00000083099,-1
MDN1,ENSG00000112159,32
CASP8AP2,ENSG00000118412,19
UFL1,ENSG00000014123,12
MMS22L,ENSG00000146263,19
PNISR,ENSG00000132424,42
CCNC,ENSG00000112237,8
ASCC3,ENSG00000112249,-1
LIN28B,ENSG00000187772,-1
QRSL1,ENSG00000130348,24
MTRES1,ENSG00000130349,-1
SEC63,ENSG00000025796,-1
SNX3,ENSG00000112335,-1
CD164,ENSG00000135535,-1
GTF3C6,ENSG00000155115,-1
RPF2,ENSG00000197498,27
FYN,ENSG00000010810,-1
RWDD1,ENSG00000111832,27
FAM184A,ENSG00000111879,27
MAN1A1,ENSG00000111885,-1
SERINC1,ENSG00000111897,42
RNF217,ENSG00000146373,-1
TPD52L1,ENSG00000111907,39
HDDC2,ENSG00000111906,51
TRMT11,ENSG00000066651,-1
RNF146,ENSG00000118518,-1
ARHGAP18,ENSG00000146376,-1
EPB41L2,ENSG00000079819,49
STX7,ENSG00000079950,22
RPS12,ENSG00000112306,4
TBPL1,ENSG00000028839,22
HBS1L,ENSG00000112339,-1
MYB,ENSG00000118513,-1
BCLAF1,ENSG00000029363,31
IFNGR1,ENSG00000027697,-1
HEBP2,ENSG00000051620,-1
ABRACL,ENSG00000146386,10
CITED2,ENSG00000164442,-1
LTV1,ENSG00000135521,36
SF3B5,ENSG00000169976,27
RAB32,ENSG00000118508,42
STXBP5,ENSG00000164506,10
PPIL4,ENSG00000131013,-1
LATS1,ENSG00000131023,37
NUP43,ENSG00000120253,39
PCMT1,ENSG00000120265,-1
MTHFD1L,ENSG00000120254,16
MTRF1L,ENSG00000112031,-1
SCAF8,ENSG00000213079,47
TFB1M,ENSG00000029639,-1
TMEM242,ENSG00000215712,-1
SYNJ2,ENSG00000078269,37
GTF2H5,ENSG00000272047,41
DYNLT1,ENSG00000146425,-1
EZR,ENSG00000092820,-1
SOD2,ENSG00000112096,17
ACAT2,ENSG00000120437,2
TCP1,ENSG00000120438,33
MRPL18,ENSG00000112110,-1
IGF2R,ENSG00000197081,43
AGPAT4,ENSG00000026652,-1
MPC1,ENSG00000060762,27
RNASET2,ENSG00000026297,14
FGFR1OP,ENSG00000213066,-1
PSMB1,ENSG00000008018,8
TBP,ENSG00000112592,-1
PDCD2,ENSG00000071994,27
C7orf50,ENSG00000146540,-1
INTS1,ENSG00000164880,-1
PSMG3,ENSG00000157778,-1
MAD1L1,ENSG00000002822,-1
NUDT1,ENSG00000106268,19
EIF3B,ENSG00000106263,33
CHST12,ENSG00000136213,-1
FOXK1,ENSG00000164916,-1
ACTB,ENSG00000075624,14
FSCN1,ENSG00000075618,-1
EIF2AK1,ENSG00000086232,-1
USP42,ENSG00000106346,-1
RAC1,ENSG00000136238,26
KDELR2,ENSG00000136240,3
ZDHHC4,ENSG00000136247,-1
C7orf26,ENSG00000146576,-1
MIOS,ENSG00000164654,44
RPA3,ENSG00000106399,19
NDUFA4,ENSG00000189043,13
TMEM106B,ENSG00000106460,20
ARL4A,ENSG00000122644,11
BZW2,ENSG00000136261,-1
TSPAN13,ENSG00000106537,11
TWISTNB,ENSG00000105849,-1
TOMM7,ENSG00000196683,31
MALSU1,ENSG00000156928,49
CYCS,ENSG00000172115,33
HNRNPA2B1,ENSG00000122566,35
SKAP2,ENSG00000005020,42
TAX1BP1,ENSG00000106052,-1
CPVL,ENSG00000106066,-1
GGCT,ENSG00000006625,27
GARS-DT,ENSG00000196295,-1
GARS,ENSG00000106105,16
LSM5,ENSG00000106355,-1
NT5C3A,ENSG00000122643,26
RP9,ENSG00000164610,26
SEPTIN7,ENSG00000122545,29
STARD3NL,ENSG00000010270,-1
VPS41,ENSG00000006715,43
YAE1,ENSG00000241127,-1
RALA,ENSG00000006451,22
CDK13,ENSG00000065883,43
MPLKIP,ENSG00000168303,24
PSMA2,ENSG00000106588,8
MRPL32,ENSG00000106591,27
COA1,ENSG00000106603,-1
BLVRA,ENSG00000106605,-1
MRPS24,ENSG00000062582,-1
POLD2,ENSG00000106628,-1
NUDCD3,ENSG00000015676,44
DDX56,ENSG00000136271,-1
TMED4,ENSG00000158604,-1
PPIA,ENSG00000196262,34
H2AFV,ENSG00000105968,41
SNHG15,ENSG00000232956,-1
TBRG4,ENSG00000136270,-1
HUS1,ENSG00000136273,-1
FIGNL1,ENSG00000132436,-1
SEC61G,ENSG00000132432,-1
MRPS17,ENSG00000239789,36
PSPH,ENSG00000146733,15
CCT6A,ENSG00000146731,-1
CHCHD2,ENSG00000106153,-1
ZNF273,ENSG00000198039,-1
ZNF117,ENSG00000152926,42
ERV3-1,ENSG00000213462,6
GUSB,ENSG00000169919,-1
SBDS,ENSG00000126524,27
BCL7B,ENSG00000106635,-1
BUD23,ENSG00000071462,39
EIF4H,ENSG00000106682,-1
RFC2,ENSG00000049541,9
GTF2I,ENSG00000263001,-1
MDH2,ENSG00000146701,33
HSPB1,ENSG00000106211,-1
DBF4,ENSG00000006634,7
AKAP9,ENSG00000127914,42
CYP51A1,ENSG00000001630,2
GATAD1,ENSG00000157259,29
PEX1,ENSG00000127980,-1
CDK6,ENSG00000105810,-1
BET1,ENSG00000105829,-1
SEM1,ENSG00000127922,31
SDHAF3,ENSG00000196636,27
BRI3,ENSG00000164713,22
TRRAP,ENSG00000196367,44
ARPC1B,ENSG00000130429,14
PDAP1,ENSG00000106244,-1
BUD31,ENSG00000106245,22
PTCD1,ENSG00000106246,39
CPSF4,ENSG00000160917,-1
ATP5MF,ENSG00000241468,13
COPS6,ENSG00000168090,-1
MCM7,ENSG00000166508,32
TAF6,ENSG00000106290,-1
LAMTOR4,ENSG00000188186,-1
PPP1R35,ENSG00000160813,-1
TSC22D4,ENSG00000166925,-1
POP7,ENSG00000172336,33
SRRT,ENSG00000087087,-1
TRIM56,ENSG00000169871,38
PLOD3,ENSG00000106397,-1
ZNHIT1,ENSG00000106400,-1
FIS1,ENSG00000214253,-1
POLR2J,ENSG00000005075,-1
POLR2J3,ENSG00000285437,-1
PMPCB,ENSG00000105819,20
DNAJC2,ENSG00000105821,-1
PSMC2,ENSG00000161057,8
RELN,ENSG00000189056,-1
ORC5,ENSG00000164815,39
KMT2E,ENSG00000005483,42
RINT1,ENSG00000135249,-1
SYPL1,ENSG00000008282,-1
NAMPT,ENSG00000105835,-1
PRKAR2B,ENSG00000005249,-1
CBLL1,ENSG00000105879,-1
DLD,ENSG00000091140,-1
LAMB1,ENSG00000091136,-1
IFRD1,ENSG00000006652,-1
SMIM30,ENSG00000214194,-1
LSM8,ENSG00000128534,-1
ING3,ENSG00000071243,39
CPED1,ENSG00000106034,-1
NDUFA5,ENSG00000128609,-1
SND1,ENSG00000197157,3
RBM28,ENSG00000106344,49
CALU,ENSG00000128595,3
ATP6V1F,ENSG00000128524,21
TNPO3,ENSG00000064419,-1
UBE2H,ENSG00000186591,40
MKLN1,ENSG00000128585,-1
CHCHD3,ENSG00000106554,-1
EXOC4,ENSG00000131558,6
SLC35B4,ENSG00000205060,-1
CYREN,ENSG00000122783,-1
CNOT4,ENSG00000080802,43
MTPN,ENSG00000105887,22
TRIM24,ENSG00000122779,-1
ZC3HAV1,ENSG00000105939,42
FMC1,ENSG00000164898,-1
LUC7L2,ENSG00000146963,-1
HIPK2,ENSG00000064393,-1
PARP12,ENSG00000059378,39
MKRN1,ENSG00000133606,42
NDUFB2,ENSG00000090266,-1
MRPS33,ENSG00000090263,-1
SSBP1,ENSG00000106028,-1
CUL1,ENSG00000055130,50
PDIA4,ENSG00000155660,3
KCNH2,ENSG00000055118,-1
FASTK,ENSG00000164896,-1
TMUB1,ENSG00000164897,-1
NUB1,ENSG00000013374,22
RHEB,ENSG00000106615,-1
KMT2C,ENSG00000055609,42
LINC01003,ENSG00000261455,6
PAXIP1-AS1,ENSG00000273344,6
INSIG1,ENSG00000186480,2
RBM33,ENSG00000184863,43
NOM1,ENSG00000146909,-1
UBE3C,ENSG00000009335,-1
ESYT2,ENSG00000117868,-1
AC246817.2,ENSG00000254319,51
FDFT1,ENSG00000079459,2
CTSB,ENSG00000164733,40
TUSC3,ENSG00000104723,-1
CNOT7,ENSG00000198791,-1
VPS37A,ENSG00000155975,-1
PCM1,ENSG00000078674,-1
ASAH1,ENSG00000104763,40
INTS10,ENSG00000104613,-1
ATP6V1B2,ENSG00000147416,-1
POLR3D,ENSG00000168495,-1
PDLIM2,ENSG00000120913,26
SLC25A37,ENSG00000147454,11
BNIP3L,ENSG00000104765,40
CLU,ENSG00000120885,-1
ELP3,ENSG00000134014,39
INTS9,ENSG00000104299,44
HMBOX1,ENSG00000147421,-1
SARAF,ENSG00000133872,45
GTF2E2,ENSG00000197265,-1
GSR,ENSG00000104687,-1
UBXN8,ENSG00000104691,-1
PPP2CB,ENSG00000104695,-1
TTI2,ENSG00000129696,39
MAK16,ENSG00000198042,49
RAB11FIP1,ENSG00000156675,-1
EIF4EBP1,ENSG00000187840,16
ASH2L,ENSG00000129691,11
STAR,ENSG00000147465,32
TACC1,ENSG00000147526,14
GOLGA7,ENSG00000147533,-1
GINS4,ENSG00000147536,19
ANK1,ENSG00000029534,11
AP3M2,ENSG00000070718,-1
VDAC3,ENSG00000078668,-1
SMIM19,ENSG00000176209,-1
THAP1,ENSG00000131931,-1
FNTA,ENSG00000168522,-1
PRKDC,ENSG00000253729,-1
MCM4,ENSG00000104738,32
UBE2V2,ENSG00000169139,-1
RB1CC1,ENSG00000023287,-1
ATP6V1H,ENSG00000047249,45
TCEA1,ENSG00000187735,15
MRPL15,ENSG00000137547,36
RPS20,ENSG00000008988,0
SDCBP,ENSG00000137575,40
CA8,ENSG00000178538,-1
ARMC1,ENSG00000104442,-1
RRS1,ENSG00000179041,49
SGK3,ENSG00000104205,-1
SNHG6,ENSG00000245910,-1
COPS5,ENSG00000121022,-1
ARFGEF1,ENSG00000066777,-1
TRAM1,ENSG00000067167,3
TERF1,ENSG00000147601,39
RPL7,ENSG00000147604,5
TMEM70,ENSG00000175606,-1
MRPS28,ENSG00000147586,-1
FABP5,ENSG00000164687,34
E2F5,ENSG00000133740,-1
RBIS,ENSG00000176731,28
DECR1,ENSG00000104325,20
OTUD6B-AS1,ENSG00000253738,-1
DPY19L4,ENSG00000156162,45
INTS8,ENSG00000164941,-1
UQCRB,ENSG00000156467,-1
TSPYL5,ENSG00000180543,-1
MTDH,ENSG00000147649,36
LAPTM4B,ENSG00000104341,-1
RPL30,ENSG00000156482,4
RIDA,ENSG00000132541,-1
POP1,ENSG00000104356,-1
COX6C,ENSG00000164919,-1
POLR2K,ENSG00000147669,-1
PABPC1,ENSG00000070756,16
ZNF706,ENSG00000120963,32
ATP6V1C1,ENSG00000155097,-1
DCAF13,ENSG00000164934,36
EIF3E,ENSG00000104408,0
NUDCD1,ENSG00000120526,51
ENY2,ENSG00000120533,-1
EIF3H,ENSG00000147677,-1
UTP23,ENSG00000147679,39
RAD21,ENSG00000164754,7
MED30,ENSG00000164758,-1
TAF2,ENSG00000064313,-1
MRPL13,ENSG00000172172,27
DERL1,ENSG00000136986,-1
FAM83A,ENSG00000147689,-1
TATDN1,ENSG00000147687,22
NDUFB9,ENSG00000147684,-1
SQLE,ENSG00000104549,2
AC016074.2,ENSG00000286122,-1
MYC,ENSG00000136997,32
PVT1,ENSG00000249859,11
EFR3A,ENSG00000132294,-1
CHRAC1,ENSG00000104472,-1
LY6E,ENSG00000160932,10
MINCR,ENSG00000253716,6
EEF1D,ENSG00000104529,-1
PUF60,ENSG00000179950,8
GRINA,ENSG00000178719,22
EXOSC4,ENSG00000178896,-1
CYC1,ENSG00000179091,36
MAF1,ENSG00000179632,-1
BOP1,ENSG00000261236,33
CPSF1,ENSG00000071894,44
VPS28,ENSG00000160948,12
TONSL,ENSG00000160949,19
RECQL4,ENSG00000160957,19
RPL8,ENSG00000161016,0
C8orf33,ENSG00000182307,-1
RCL1,ENSG00000120158,-1
SNAPC3,ENSG00000164975,39
PLIN2,ENSG00000147872,25
RPS6,ENSG00000137154,5
ACO1,ENSG00000122729,39
DNAJA1,ENSG00000086061,27
BAG1,ENSG00000107262,-1
CHMP5,ENSG00000086065,22
NOL6,ENSG00000165271,-1
DCAF12,ENSG00000198876,39
UBAP1,ENSG00000165006,-1
DCTN3,ENSG00000137100,-1
STOML2,ENSG00000165283,27
TLN1,ENSG00000137076,-1
GBA2,ENSG00000070610,-1
HINT2,ENSG00000137133,-1
CLTA,ENSG00000122705,-1
EBLN3P,ENSG00000281649,-1
POLR1E,ENSG00000137054,50
TOMM5,ENSG00000175768,-1
EXOSC3,ENSG00000107371,49
FAM122A,ENSG00000187866,39
FXN,ENSG00000165060,50
TJP2,ENSG00000119139,-1
RFK,ENSG00000135002,-1
PSAT1,ENSG00000135069,16
HNRNPK,ENSG00000165119,32
RMI1,ENSG00000178966,19
NAA35,ENSG00000135040,39
CTSL,ENSG00000135047,-1
CKS2,ENSG00000123975,7
IARS,ENSG00000196305,16
NOL8,ENSG00000198000,-1
CENPP,ENSG00000188312,-1
FAM120AOS,ENSG00000188938,-1
CDC14B,ENSG00000081377,39
TMOD1,ENSG00000136842,11
NCBP1,ENSG00000136937,-1
XPA,ENSG00000136936,23
HEMGN,ENSG00000136929,11
ANP32B,ENSG00000136938,34
ALG2,ENSG00000119523,-1
SEC61B,ENSG00000106803,-1
ERP44,ENSG00000023318,-1
TEX10,ENSG00000136891,-1
MRPL50,ENSG00000136897,51
RNF20,ENSG00000155827,-1
TXN,ENSG00000136810,27
UGCG,ENSG00000148154,-1
PTBP3,ENSG00000119314,-1
HSDL2,ENSG00000119471,-1
FKBP15,ENSG00000119321,-1
SLC31A1,ENSG00000136868,15
PRPF4,ENSG00000136875,-1
ATP6V1G1,ENSG00000136888,30
PSMD5,ENSG00000095261,39
PHF19,ENSG00000119403,7
NDUFA8,ENSG00000119421,13
RBM18,ENSG00000119446,39
MRRF,ENSG00000148187,41
PSMB7,ENSG00000136930,8
RPL35,ENSG00000136942,0
ARPC5L,ENSG00000136950,27
RABEPK,ENSG00000136933,-1
HSPA5,ENSG00000044574,3
MAPKAP1,ENSG00000119487,-1
RPL12,ENSG00000197958,5
CDK9,ENSG00000136807,-1
AK1,ENSG00000106992,-1
DPM2,ENSG00000136908,-1
C9orf16,ENSG00000171159,-1
CIZ1,ENSG00000148337,26
SWI5,ENSG00000175854,-1
SLC27A4,ENSG00000167114,-1
URM1,ENSG00000167118,-1
CERCAM,ENSG00000167123,-1
ODF2,ENSG00000136811,-1
SPTAN1,ENSG00000197694,-1
SET,ENSG00000119335,-1
SPOUT1,ENSG00000198917,-1
DOLK,ENSG00000175283,-1
NUP188,ENSG00000095319,50
SH3GLB2,ENSG00000148341,20
NTMT1,ENSG00000148335,27
C9orf78,ENSG00000136819,-1
USP20,ENSG00000136878,22
FNBP1,ENSG00000187239,14
EXOSC2,ENSG00000130713,51
NUP214,ENSG00000126883,-1
MED27,ENSG00000160563,25
SETX,ENSG00000107290,-1
TTF1,ENSG00000125482,-1
TSC1,ENSG00000165699,43
GFI1B,ENSG00000165702,-1
SURF6,ENSG00000148296,50
MED22,ENSG00000148297,-1
RPL7A,ENSG00000148303,5
SURF1,ENSG00000148290,-1
SURF2,ENSG00000148291,-1
REXO4,ENSG00000148300,-1
WDR5,ENSG00000196363,51
MRPS2,ENSG00000122140,49
UBAC1,ENSG00000130560,11
PMPCA,ENSG00000165688,51
EGFL7,ENSG00000172889,-1
DIPK1B,ENSG00000165716,-1
SNHG7,ENSG00000233016,-1
TMEM141,ENSG00000244187,-1
PHPT1,ENSG00000054148,-1
EDF1,ENSG00000107223,15
DPP7,ENSG00000176978,-1
SSNA1,ENSG00000176101,-1
TUBB4B,ENSG00000188229,7
NELFB,ENSG00000188986,-1
MRPL41,ENSG00000182154,-1
EHMT1,ENSG00000181090,39
GTPBP4,ENSG00000107937,27
IDI1,ENSG00000067064,2
PITRM1,ENSG00000107959,-1
NET1,ENSG00000173848,-1
TASOR2,ENSG00000108021,-1
GDI2,ENSG00000057608,41
RBM17,ENSG00000134453,-1
PRKCQ-AS1,ENSG00000237943,-1
KIN,ENSG00000151657,-1
ATP5F1C,ENSG00000165629,27
TAF3,ENSG00000165632,-1
CELF2,ENSG00000048740,10
UPF2,ENSG00000151461,-1
NUDT5,ENSG00000165609,-1
CDC123,ENSG00000151465,-1
MCM10,ENSG00000065328,-1
SEPHS1,ENSG00000086475,41
HSPA14,ENSG00000284024,-1
HSPA14,ENSG00000187522,-1
RPP38,ENSG00000152464,39
VIM,ENSG00000026025,14
DNAJC1,ENSG00000136770,-1
COMMD3,ENSG00000148444,30
BMI1,ENSG00000168283,26
MSRB2,ENSG00000148450,22
YME1L1,ENSG00000136758,-1
RAB18,ENSG00000099246,-1
WAC,ENSG00000095787,29
MTPAP,ENSG00000107951,-1
KIF5B,ENSG00000170759,-1
ITGB1,ENSG00000150093,-1
CUL2,ENSG00000108094,39
CREM,ENSG00000095794,-1
BMS1,ENSG00000165733,49
HNRNPF,ENSG00000169813,32
ZNF22,ENSG00000165512,27
NCOA4,ENSG00000266412,-1
ZWINT,ENSG00000122952,7
TFAM,ENSG00000108064,-1
CCDC6,ENSG00000108091,39
ARID5B,ENSG00000150347,-1
ADO,ENSG00000181915,39
HNRNPH3,ENSG00000096746,-1
CCAR1,ENSG00000060339,-1
DDX21,ENSG00000165732,33
VPS26A,ENSG00000122958,-1
SUPV3L1,ENSG00000156502,-1
HK1,ENSG00000156515,-1
PPA1,ENSG00000180817,-1
PCBD1,ENSG00000166228,-1
PSAP,ENSG00000197746,40
ANAPC16,ENSG00000166295,15
DDIT4,ENSG00000168209,15
MCU,ENSG00000156026,-1
P4HA1,ENSG00000122884,-1
ECD,ENSG00000122882,39
MRPS16,ENSG00000182180,-1
ANXA7,ENSG00000138279,-1
PPP3CB,ENSG00000107758,-1
CHCHD1,ENSG00000172586,-1
VCL,ENSG00000035403,10
VDAC2,ENSG00000165637,27
COMTD1,ENSG00000165644,32
LRMDA,ENSG00000148655,22
RPS24,ENSG00000138326,-1
PPIF,ENSG00000108179,32
PRXL2A,ENSG00000122378,-1
GHITM,ENSG00000165678,15
PTEN,ENSG00000171862,-1
RPP30,ENSG00000148688,-1
PCGF5,ENSG00000180628,-1
BTAF1,ENSG00000095564,-1
HHEX,ENSG00000152804,-1
NOC3L,ENSG00000173145,-1
HELLS,ENSG00000119969,-1
CCNJ,ENSG00000107443,-1
ZNF518A,ENSG00000177853,-1
RRP12,ENSG00000052749,50
PGAM1,ENSG00000171314,32
EXOSC1,ENSG00000171311,25
COX15,ENSG00000014919,44
SCD,ENSG00000099194,2
NDUFB8,ENSG00000166136,27
HIF1AN,ENSG00000166135,-1
MRPL43,ENSG00000055950,-1
TWNK,ENSG00000107815,-1
LDB1,ENSG00000198728,-1
PPRC1,ENSG00000148840,-1
NOLC1,ENSG00000166197,-1
GBF1,ENSG00000107862,45
TAF5,ENSG00000148835,44
ATP5MD,ENSG00000173915,13
PDCD11,ENSG00000148843,-1
GSTO1,ENSG00000148834,19
ADD3,ENSG00000148700,43
SMNDC1,ENSG00000119953,-1
SMC3,ENSG00000108055,9
PDCD4,ENSG00000150593,-1
SHOC2,ENSG00000108061,43
NHLRC2,ENSG00000196865,-1
FAM204A,ENSG00000165669,26
EIF3A,ENSG00000107581,-1
RGS10,ENSG00000148908,22
MCMBP,ENSG00000197771,50
NSMCE4A,ENSG00000107672,49
HMX3,ENSG00000188620,-1
BUB3,ENSG00000154473,-1
OAT,ENSG00000065154,11
UROS,ENSG00000188690,-1
BCCIP,ENSG00000107949,44
MKI67,ENSG00000148773,7
GLRX3,ENSG00000108010,27
ZNF511,ENSG00000198546,-1
FUOM,ENSG00000148803,-1
RIC8A,ENSG00000177963,-1
PSMD13,ENSG00000185627,-1
IFITM2,ENSG00000185201,-1
TALDO1,ENSG00000177156,-1
RPLP2,ENSG00000177600,4
POLR2L,ENSG00000177700,13
CHID1,ENSG00000177830,-1
CTSD,ENSG00000117984,43
MRPL23,ENSG00000214026,-1
CD81,ENSG00000110651,-1
KCNQ1OT1,ENSG00000269821,40
CDKN1C,ENSG00000129757,40
CARS,ENSG00000110619,-1
ZNF195,ENSG00000005801,-1
HBD,ENSG00000223609,11
HBG1,ENSG00000213934,11
HBG2,ENSG00000196565,11
TAF10,ENSG00000166337,20
MRPL17,ENSG00000158042,-1
EIF3F,ENSG00000175390,-1
RPL27A,ENSG00000166441,4
TMEM41B,ENSG00000166471,-1
ZNF143,ENSG00000166478,-1
MTRNR2L8,ENSG00000255823,1
CTR9,ENSG00000198730,-1
EIF4G2,ENSG00000110321,-1
LINC00958,ENSG00000251381,-1
PSMA1,ENSG00000129084,8
C11orf58,ENSG00000110696,23
RPS13,ENSG00000110700,4
NUCB2,ENSG00000070081,3
HPS5,ENSG00000110756,-1
GTF2H1,ENSG00000110768,39
LDHA,ENSG00000134333,35
TSG101,ENSG00000074319,22
E2F8,ENSG00000129173,19
HTATIP2,ENSG00000109854,-1
PRMT3,ENSG00000185238,51
CCDC34,ENSG00000109881,-1
DNAJC24,ENSG00000170946,-1
IMMP1L,ENSG00000148950,-1
ELP4,ENSG00000109911,-1
EIF3M,ENSG00000149100,0
CSTF3,ENSG00000176102,6
HIPK3,ENSG00000110422,-1
CD59,ENSG00000085063,42
LMO2,ENSG00000135363,-1
FJX1,ENSG00000179431,-1
TRIM44,ENSG00000166326,-1
COMMD9,ENSG00000110442,-1
TTC17,ENSG00000052841,22
HSD17B12,ENSG00000149084,-1
MDK,ENSG00000110492,-1
SPI1,ENSG00000066336,14
PSMC3,ENSG00000165916,-1
NDUFS3,ENSG00000213619,27
PTPMT1,ENSG00000110536,-1
MTCH2,ENSG00000109919,27
FNBP4,ENSG00000109920,-1
SSRP1,ENSG00000149136,49
SLC43A3,ENSG00000134802,9
ZDHHC5,ENSG00000156599,-1
MED19,ENSG00000156603,-1
TMX2,ENSG00000213593,27
SELENOH,ENSG00000211450,-1
CTNND1,ENSG00000198561,-1
ZFP91,ENSG00000186660,39
PATL1,ENSG00000166889,-1
STX3,ENSG00000166900,22
MRPL16,ENSG00000166902,41
MS4A3,ENSG00000149516,-1
MS4A4A,ENSG00000110079,41
CCDC86,ENSG00000110104,27
PRPF19,ENSG00000110107,-1
DDB1,ENSG00000167986,11
CYB561A3,ENSG00000162144,11
TMEM258,ENSG00000134825,-1
FADS1,ENSG00000149485,-1
FTH1,ENSG00000167996,21
ASRGL1,ENSG00000162174,11
AHNAK,ENSG00000124942,-1
EEF1G,ENSG00000254772,5
TUT1,ENSG00000149016,48
EML3,ENSG00000149499,-1
GANAB,ENSG00000089597,-1
INTS5,ENSG00000185085,-1
UQCC3,ENSG00000204922,44
UBXN1,ENSG00000162191,-1
POLR2G,ENSG00000168002,-1
TAF6L,ENSG00000162227,44
WDR74,ENSG00000133316,27
SNHG1,ENSG00000255717,-1
SLC3A2,ENSG00000168003,22
RTN3,ENSG00000133318,14
SPINDOC,ENSG00000168005,39
COX8A,ENSG00000176340,13
MACROD1,ENSG00000133315,-1
STIP1,ENSG00000168439,-1
DNAJC4,ENSG00000110011,-1
VEGFB,ENSG00000173511,24
PPP1R14B,ENSG00000173457,-1
BAD,ENSG00000002330,-1
TRMT112,ENSG00000173113,-1
PRDX5,ENSG00000126432,42
SF1,ENSG00000168066,39
MEN1,ENSG00000133895,44
ARL2,ENSG00000213465,32
VPS51,ENSG00000149823,-1
TM7SF2,ENSG00000149809,-1
FAU,ENSG00000149806,22
POLA2,ENSG00000014138,19
DPF2,ENSG00000133884,-1
NEAT1,ENSG00000245532,40
MALAT1,ENSG00000251562,21
SCYL1,ENSG00000142186,-1
ZNRD2,ENSG00000173465,-1
PCNX3,ENSG00000197136,47
SIPA1,ENSG00000213445,-1
RNASEH2C,ENSG00000172922,19
CFL1,ENSG00000172757,-1
CCDC85B,ENSG00000175602,32
DRAP1,ENSG00000175550,-1
EIF1AD,ENSG00000175376,-1
BANF1,ENSG00000175334,-1
SF3B2,ENSG00000087365,-1
YIF1A,ENSG00000174851,51
MRPL11,ENSG00000174547,36
CCS,ENSG00000173992,43
RBM4,ENSG00000173933,-1
POLD4,ENSG00000175482,40
PPP1CA,ENSG00000172531,-1
RPS6KB2,ENSG00000175634,27
CORO1B,ENSG00000172725,-1
AIP,ENSG00000110711,-1
GSTP1,ENSG00000084207,21
NDUFV1,ENSG00000167792,49
NDUFS8,ENSG00000110717,-1
CHKA,ENSG00000110721,-1
LRP5,ENSG00000162337,-1
GAL,ENSG00000069482,33
MRPL21,ENSG00000197345,27
DHCR7,ENSG00000172893,2
AP002387.2,ENSG00000254682,6
NUMA1,ENSG00000137497,-1
LAMTOR1,ENSG00000149357,-1
INPPL1,ENSG00000165458,-1
CLPB,ENSG00000162129,-1
PAAF1,ENSG00000175575,-1
UCP2,ENSG00000175567,-1
POLD3,ENSG00000077514,19
SPCS2,ENSG00000118363,25
RPS3,ENSG00000149273,5
SERPINH1,ENSG00000149257,-1
THAP12,ENSG00000137492,-1
PAK1,ENSG00000149269,-1
CLNS1A,ENSG00000074201,32
RSF1,ENSG00000048649,42
AAMDC,ENSG00000087884,-1
INTS4,ENSG00000149262,-1
NDUFC2,ENSG00000151366,28
GAB2,ENSG00000033327,-1
NARS2,ENSG00000137513,50
RAB30-DT,ENSG00000246067,6
PCF11,ENSG00000165494,6
TMEM126B,ENSG00000171204,27
TMEM126A,ENSG00000171202,25
PICALM,ENSG00000073921,-1
HIKESHI,ENSG00000149196,-1
CTSC,ENSG00000109861,-1
CHORDC1,ENSG00000110172,-1
TAF1D,ENSG00000166012,-1
MED17,ENSG00000042429,-1
CWC15,ENSG00000150316,-1
SRSF8,ENSG00000263465,39
BIRC2,ENSG00000110330,-1
CWF19L2,ENSG00000152404,39
ATM,ENSG00000149311,-1
POGLUT3,ENSG00000178202,19
DDX10,ENSG00000178105,49
NKAPD1,ENSG00000150776,-1
TIMM8B,ENSG00000150779,-1
ZW10,ENSG00000086827,-1
RBM7,ENSG00000076053,-1
REXO2,ENSG00000076043,27
ZPR1,ENSG00000109917,-1
PCSK7,ENSG00000160613,42
ATP5MG,ENSG00000167283,-1
DDX6,ENSG00000110367,-1
CCDC84,ENSG00000186166,46
RPS25,ENSG00000118181,4
HYOU1,ENSG00000149428,3
HMBS,ENSG00000256269,11
H2AFX,ENSG00000188486,7
HINFP,ENSG00000172273,45
CBL,ENSG00000110395,-1
HSPA8,ENSG00000109971,34
FEZ1,ENSG00000149557,11
EI24,ENSG00000149547,51
RPUSD4,ENSG00000165526,-1
FAM118B,ENSG00000197798,-1
DCPS,ENSG00000110063,-1
NFRKB,ENSG00000170322,-1
APLP2,ENSG00000084234,11
ZBTB44,ENSG00000196323,47
THYN1,ENSG00000151500,-1
WNK1,ENSG00000060237,-1
FKBP4,ENSG00000004478,33
CCND2,ENSG00000118971,-1
NDUFA9,ENSG00000139180,-1
LTBR,ENSG00000111321,-1
MRPL51,ENSG00000111639,13
GAPDH,ENSG00000111640,34
NOP2,ENSG00000111641,-1
CHD4,ENSG00000111642,-1
PTMS,ENSG00000159335,-1
USP5,ENSG00000111667,-1
TPI1,ENSG00000111669,32
C12orf57,ENSG00000111678,14
PHB2,ENSG00000215021,32
EMG1,ENSG00000126749,49
SLC2A3,ENSG00000059804,-1
GABARAPL1,ENSG00000139112,43
MAGOHB,ENSG00000111196,-1
YBX3,ENSG00000060138,-1
WBP11,ENSG00000084463,-1
STRAP,ENSG00000023734,-1
DERA,ENSG00000023697,-1
MGST1,ENSG00000008394,33
PLEKHA5,ENSG00000052126,10
GOLT1B,ENSG00000111711,-1
LDHB,ENSG00000111716,34
CMAS,ENSG00000111726,-1
ETNK1,ENSG00000139163,46
BCAT1,ENSG00000060982,16
KRAS,ENSG00000133703,-1
INTS13,ENSG00000064102,-1
MED21,ENSG00000152944,47
MRPS35,ENSG00000061794,-1
RESF1,ENSG00000174718,-1
BICD1,ENSG00000151746,-1
DNM1L,ENSG00000087470,-1
YARS2,ENSG00000139131,-1
ZCRB1,ENSG00000139168,-1
ARID2,ENSG00000189079,47
SCAF11,ENSG00000139218,43
SLC38A1,ENSG00000111371,16
RPAP3,ENSG00000005175,-1
TMEM106C,ENSG00000134291,-1
COL2A1,ENSG00000139219,39
KANSL2,ENSG00000139620,-1
TUBA1B,ENSG00000123416,-1
TUBA1A,ENSG00000167552,17
TUBA1C,ENSG00000167553,7
MCRS1,ENSG00000187778,41
TMBIM6,ENSG00000139644,42
LETMD1,ENSG00000050426,-1
DAZAP2,ENSG00000183283,-1
GALNT6,ENSG00000139629,37
KRT8,ENSG00000170421,42
KRT18,ENSG00000111057,42
EIF4B,ENSG00000063046,0
PFDN5,ENSG00000123349,-1
SP1,ENSG00000185591,-1
PRR13,ENSG00000205352,26
PCBP2,ENSG00000197111,-1
ATP5MC2,ENSG00000135390,-1
SMUG1,ENSG00000123415,-1
CBX5,ENSG00000094916,-1
HNRNPA1,ENSG00000135486,-1
NFE2,ENSG00000123405,11
COPZ1,ENSG00000111481,-1
GTSF1,ENSG00000170627,51
NCKAP1L,ENSG00000123338,14
BLOC1S1,ENSG00000135441,-1
CD63,ENSG00000135404,40
CDK2,ENSG00000123374,19
RPS26,ENSG00000197728,33
PA2G4,ENSG00000170515,-1
RPL41,ENSG00000229117,5
MYL6B,ENSG00000196465,-1
MYL6,ENSG00000092841,-1
SMARCC2,ENSG00000139613,-1
RNF41,ENSG00000181852,15
CS,ENSG00000062485,41
CNPY2,ENSG00000257727,-1
TIMELESS,ENSG00000111602,7
ATP5F1B,ENSG00000110955,-1
PTGES3,ENSG00000110958,33
NACA,ENSG00000196531,0
PRIM1,ENSG00000198056,9
ZBTB39,ENSG00000166860,-1
SHMT2,ENSG00000182199,16
STAC3,ENSG00000185482,-1
MARS,ENSG00000166986,16
DDIT3,ENSG00000175197,-1
DCTN2,ENSG00000175203,22
PIP4K2C,ENSG00000166908,-1
OS9,ENSG00000135506,-1
METTL1,ENSG00000037897,50
TSFM,ENSG00000123297,-1
ATP23,ENSG00000166896,-1
GIHCG,ENSG00000257698,-1
TAFA2,ENSG00000198673,-1
USP15,ENSG00000135655,30
TMBIM4,ENSG00000155957,-1
RAP1B,ENSG00000127314,-1
NUP107,ENSG00000111581,-1
CPSF6,ENSG00000111605,50
YEATS4,ENSG00000127337,-1
CCT2,ENSG00000166226,-1
CNOT2,ENSG00000111596,-1
ZFC3H1,ENSG00000133858,-1
ATXN7L3B,ENSG00000253719,-1
KRR1,ENSG00000111615,-1
NAP1L1,ENSG00000187109,-1
OSBPL8,ENSG00000091039,-1
CCDC59,ENSG00000133773,27
ATP2B1,ENSG00000070961,-1
BTG1,ENSG00000133639,21
UBE2N,ENSG00000177889,-1
MRPL42,ENSG00000198015,27
SOCS2,ENSG00000120833,29
CEP83,ENSG00000173588,-1
METAP2,ENSG00000111142,49
SNRPF,ENSG00000139343,32
TMPO,ENSG00000120802,32
SLC25A3,ENSG00000075415,-1
ACTR6,ENSG00000075089,39
UTP20,ENSG00000120800,49
ARL1,ENSG00000120805,-1
CHPT1,ENSG00000111666,-1
GNPTAB,ENSG00000111670,42
WASHC3,ENSG00000120860,-1
PARPBP,ENSG00000185480,-1
HELLPAR,ENSG00000281344,19
HSP90B1,ENSG00000166598,3
TDG,ENSG00000139372,-1
TXNRD1,ENSG00000198431,41
C12orf45,ENSG00000151131,27
POLR3B,ENSG00000013503,-1
PWP1,ENSG00000136045,27
PRDM4,ENSG00000110851,-1
SART3,ENSG00000075856,-1
ISCU,ENSG00000136003,-1
CORO1C,ENSG00000110880,-1
MMAB,ENSG00000139428,-1
MVK,ENSG00000110921,2
ANAPC7,ENSG00000196510,51
ARPC3,ENSG00000111229,14
GPN3,ENSG00000111231,-1
VPS29,ENSG00000111237,26
PPP1CC,ENSG00000186298,-1
ALDH2,ENSG00000111275,-1
ERP29,ENSG00000089248,16
NAA25,ENSG00000111300,-1
HECTD4,ENSG00000173064,-1
RPL6,ENSG00000089009,5
PTPN11,ENSG00000179295,50
DDX54,ENSG00000123064,-1
RBM19,ENSG00000122965,-1
MED13L,ENSG00000123066,43
TESC,ENSG00000088992,11
RFC5,ENSG00000111445,19
PEBP1,ENSG00000089220,34
TAOK3,ENSG00000135090,29
SUDS3,ENSG00000111707,-1
RPLP0,ENSG00000089157,4
COX6A1,ENSG00000111775,-1
TRIAP1,ENSG00000170855,27
SRSF9,ENSG00000111786,-1
DYNLL1,ENSG00000088986,23
COQ5,ENSG00000110871,-1
POP5,ENSG00000167272,-1
SPPL3,ENSG00000157837,45
MLXIP,ENSG00000175727,-1
ZCCHC8,ENSG00000033030,37
RSRC2,ENSG00000111011,-1
DENR,ENSG00000139726,-1
VPS37B,ENSG00000139722,-1
ARL6IP4,ENSG00000182196,-1
MPHOSPH9,ENSG00000051825,-1
CDK2AP1,ENSG00000111328,27
SBNO1,ENSG00000139697,44
TMED2,ENSG00000086598,-1
DDX55,ENSG00000111364,-1
EIF2B1,ENSG00000111361,27
GTF2H3,ENSG00000111358,41
UBC,ENSG00000150991,-1
DHX37,ENSG00000150990,-1
AACS,ENSG00000081760,-1
RAN,ENSG00000132341,35
SFSWAP,ENSG00000061936,-1
EP400,ENSG00000183495,-1
DDX51,ENSG00000185163,-1
NOC4L,ENSG00000184967,-1
PXMP2,ENSG00000176894,-1
PGAM5,ENSG00000247077,51
ZNF84,ENSG00000198040,-1
PSPC1,ENSG00000121390,-1
SAP18,ENSG00000150459,-1
SKA3,ENSG00000165480,19
MRPL57,ENSG00000173141,-1
MIPEP,ENSG00000027001,-1
CENPJ,ENSG00000151849,19
RPL21,ENSG00000122026,4
GTF3A,ENSG00000122034,-1
MTIF3,ENSG00000122033,12
POLR1D,ENSG00000186184,0
POMP,ENSG00000132963,-1
SLC7A1,ENSG00000139514,16
HMGB1,ENSG00000189403,-1
USPL1,ENSG00000132952,-1
HSPH1,ENSG00000120694,31
BRCA2,ENSG00000139618,19
N4BP2L2,ENSG00000244754,-1
RFC3,ENSG00000133119,-1
ALG5,ENSG00000120697,-1
EXOSC8,ENSG00000120699,36
SUPT20H,ENSG00000102710,22
UFM1,ENSG00000120686,-1
COG6,ENSG00000133103,-1
FOXO1,ENSG00000150907,-1
MRPS31,ENSG00000102738,-1
ELF1,ENSG00000120690,10
WBP4,ENSG00000120688,-1
VWA8,ENSG00000102763,-1
AKAP11,ENSG00000023516,-1
TSC22D1,ENSG00000102804,-1
NUFIP1,ENSG00000083635,-1
GPALPP1,ENSG00000133114,-1
GTF2F2,ENSG00000188342,27
TPT1,ENSG00000133112,-1
ZC3H13,ENSG00000123200,43
LCP1,ENSG00000136167,-1
ESD,ENSG00000139684,49
NUDT15,ENSG00000136159,51
MED4,ENSG00000136146,39
ITM2B,ENSG00000136156,-1
FNDC3A,ENSG00000102531,38
EBPL,ENSG00000123179,-1
DLEU2,ENSG00000231607,41
DLEU1,ENSG00000176124,27
RNASEH2B,ENSG00000136104,26
INTS6,ENSG00000102786,-1
ALG11,ENSG00000253710,45
VPS36,ENSG00000136100,-1
SUGT1,ENSG00000165416,27
LINC00355,ENSG00000227674,-1
MZT1,ENSG00000204899,7
DIS3,ENSG00000083520,-1
PIBF1,ENSG00000083535,-1
TBC1D4,ENSG00000136111,-1
COMMD6,ENSG00000188243,-1
CLN5,ENSG00000102805,6
MYCBP2,ENSG00000005810,-1
RBM26,ENSG00000139746,-1
MIR17HG,ENSG00000215417,41
DNAJC3,ENSG00000102580,3
UGGT2,ENSG00000102595,-1
STK24,ENSG00000102572,-1
TPP2,ENSG00000134900,48
TEX30,ENSG00000151287,16
ARGLU1,ENSG00000134884,-1
ANKRD10,ENSG00000088448,-1
SOX1,ENSG00000182968,-1
PCID2,ENSG00000126226,-1
LAMP1,ENSG00000185896,-1
TFDP1,ENSG00000198176,-1
GAS6,ENSG00000183087,-1
CCNB1IP1,ENSG00000100814,-1
METTL17,ENSG00000165792,39
HNRNPC,ENSG00000092199,33
SUPT16H,ENSG00000092201,-1
RAB2B,ENSG00000129472,-1
TOX4,ENSG00000092203,-1
METTL3,ENSG00000165819,-1
DAD1,ENSG00000129562,-1
OXA1L,ENSG00000155463,-1
MRPL52,ENSG00000172590,23
LRP10,ENSG00000197324,-1
PRMT5,ENSG00000100462,27
HAUS4,ENSG00000092036,-1
PSMB5,ENSG00000100804,32
ACIN1,ENSG00000100813,-1
C14orf119,ENSG00000179933,-1
PABPN1,ENSG00000100836,-1
NGDN,ENSG00000129460,-1
DHRS4L2,ENSG00000187630,-1
PCK2,ENSG00000100889,16
DCAF11,ENSG00000100897,39
PSME1,ENSG00000092010,-1
PSME2,ENSG00000100911,27
RNF31,ENSG00000092098,-1
CHMP4A,ENSG00000254505,-1
NEDD8,ENSG00000129559,-1
RABGGTA,ENSG00000100949,-1
SDR39U1,ENSG00000100445,-1
STXBP6,ENSG00000168952,-1
SCFD1,ENSG00000092108,30
COCH,ENSG00000100473,32
HECTD1,ENSG00000092148,-1
ARHGAP5,ENSG00000100852,-1
SNX6,ENSG00000129515,26
PPP2R3C,ENSG00000092020,-1
PSMA6,ENSG00000100902,28
NFKBIA,ENSG00000100906,17
MBIP,ENSG00000151332,39
TRAPPC6B,ENSG00000182400,22
PNN,ENSG00000100941,6
PRPF39,ENSG00000185246,-1
FKBP3,ENSG00000100442,-1
MIS18BP1,ENSG00000129534,7
RPS29,ENSG00000213741,-1
RPL36AL,ENSG00000165502,-1
POLE2,ENSG00000100479,19
NEMF,ENSG00000165525,-1
SAV1,ENSG00000151748,47
TMX1,ENSG00000139921,-1
RTRAF,ENSG00000087302,-1
PSMC6,ENSG00000100519,8
FERMT2,ENSG00000073712,-1
CDKN3,ENSG00000100526,7
WDHD1,ENSG00000198554,19
KTN1,ENSG00000126777,-1
EXOC5,ENSG00000070367,-1
ACTR10,ENSG00000131966,-1
PSMA3,ENSG00000100567,-1
TIMM9,ENSG00000100575,-1
KIAA0586,ENSG00000100578,44
PCNX4,ENSG00000126773,-1
DHRS7,ENSG00000100612,-1
MNAT1,ENSG00000020426,-1
TRMT5,ENSG00000126814,44
SLC38A6,ENSG00000139974,-1
MTHFD1,ENSG00000100714,-1
CHURC1,ENSG00000258289,-1
MAX,ENSG00000125952,15
ATP6V1D,ENSG00000100554,-1
EIF2S1,ENSG00000134001,27
ZFP36L1,ENSG00000185650,17
ERH,ENSG00000100632,-1
SLC39A9,ENSG00000029364,39
MED6,ENSG00000133997,-1
RBM25,ENSG00000119707,-1
PTGR2,ENSG00000140043,-1
NPC2,ENSG00000119655,40
ISCA2,ENSG00000165898,-1
FCF1,ENSG00000119616,-1
EIF2B2,ENSG00000119718,-1
TMED10,ENSG00000170348,3
SLIRP,ENSG00000119705,-1
SNW1,ENSG00000100603,25
GTF2A1,ENSG00000165417,-1
PSMC1,ENSG00000100764,8
NRDE2,ENSG00000119720,37
CALM1,ENSG00000198668,27
NDUFB1,ENSG00000183648,12
CPSF2,ENSG00000165934,-1
ITPK1,ENSG00000100605,-1
DDX24,ENSG00000089737,-1
DICER1,ENSG00000100697,-1
GLRX5,ENSG00000182512,44
PAPOLA,ENSG00000090060,-1
CCNK,ENSG00000090061,-1
WARS,ENSG00000140105,15
DYNC1H1,ENSG00000197102,-1
HSP90AA1,ENSG00000080824,34
CINP,ENSG00000100865,-1
EIF5,ENSG00000100664,-1
MARK3,ENSG00000075413,-1
CKB,ENSG00000166165,32
COA8,ENSG00000256053,-1
ATP5MPL,ENSG00000156411,-1
INF2,ENSG00000203485,19
CDCA4,ENSG00000170779,19
TJP1,ENSG00000104067,12
AVEN,ENSG00000169857,18
EMC7,ENSG00000134153,25
KATNBL1,ENSG00000134152,39
NOP10,ENSG00000182117,-1
SRP14,ENSG00000140319,43
BUB1B,ENSG00000156970,7
RAD51,ENSG00000051180,19
RMDN3,ENSG00000137824,39
GCHFR,ENSG00000137880,-1
INO80,ENSG00000128908,-1
NUSAP1,ENSG00000137804,7
RTF1,ENSG00000137815,20
RPAP1,ENSG00000103932,-1
MAP1A,ENSG00000166963,40
PDIA3,ENSG00000167004,3
SERF2,ENSG00000140264,-1
MFAP1,ENSG00000140259,-1
CTDSPL2,ENSG00000137770,-1
EIF3J,ENSG00000104131,27
B2M,ENSG00000166710,40
SORD,ENSG00000140263,11
SPATA5L1,ENSG00000171763,-1
DUT,ENSG00000128951,32
CEP152,ENSG00000103995,19
EID1,ENSG00000255302,12
COPS2,ENSG00000166200,-1
SLC27A2,ENSG00000140284,-1
GABPB1,ENSG00000104064,39
GABPB1-AS1,ENSG00000244879,6
LEO1,ENSG00000166477,-1
RSL24D1,ENSG00000137876,16
RAB27A,ENSG00000069974,-1
CCPG1,ENSG00000260916,-1
POLR2M,ENSG00000255529,39
ADAM10,ENSG00000137845,-1
CCNB2,ENSG00000157456,7
GTF2A2,ENSG00000140307,13
ANXA2,ENSG00000182718,-1
VPS13C,ENSG00000129003,-1
RPS27L,ENSG00000185088,-1
HERC1,ENSG00000103657,-1
SNX1,ENSG00000028528,39
PPIB,ENSG00000166794,3
PCLAF,ENSG00000166803,32
ZNF609,ENSG00000180357,-1
OAZ2,ENSG00000180304,-1
PDCD7,ENSG00000090470,26
INTS14,ENSG00000138614,-1
RAB11A,ENSG00000103769,-1
TIPIN,ENSG00000075131,49
SNAPC5,ENSG00000174446,30
RPL4,ENSG00000174444,4
PIAS1,ENSG00000033800,-1
ANP32A,ENSG00000140350,36
RPLP1,ENSG00000137818,-1
TLE3,ENSG00000140332,-1
PKM,ENSG00000067225,41
HEXA,ENSG00000213614,43
ARIH1,ENSG00000166233,-1
CLK3,ENSG00000179335,43
COX5A,ENSG00000178741,27
RPP25,ENSG00000178718,-1
SIN3A,ENSG00000169375,-1
SNUPN,ENSG00000169371,-1
ETFA,ENSG00000140374,51
RCN2,ENSG00000117906,-1
IDH3A,ENSG00000166411,-1
WDR61,ENSG00000140395,-1
PSMA4,ENSG00000041357,8
MORF4L1,ENSG00000185787,39
CTSH,ENSG00000103811,-1
RPS17,ENSG00000182774,0
CPEB1,ENSG00000214575,-1
RAMAC,ENSG00000169612,-1
C15orf40,ENSG00000169609,-1
HDGFL3,ENSG00000166503,-1
SEC11A,ENSG00000140612,-1
MRPL46,ENSG00000259494,-1
MRPS11,ENSG00000181991,24
MFGE8,ENSG00000140545,11
ABHD2,ENSG00000140526,10
FANCI,ENSG00000140525,9
POLG,ENSG00000140521,48
TICRR,ENSG00000140534,19
IDH2,ENSG00000182054,10
NGRN,ENSG00000182768,-1
IQGAP1,ENSG00000140575,14
LINC01578,ENSG00000272888,-1
CHD2,ENSG00000173575,42
NR2F2,ENSG00000185551,-1
MEF2A,ENSG00000068305,43
SNRPA1,ENSG00000131876,31
POLR3K,ENSG00000161980,-1
SNRNP25,ENSG00000161981,32
MPG,ENSG00000103152,-1
NPRL3,ENSG00000103148,11
HBZ,ENSG00000130656,11
HBA1,ENSG00000206172,11
HBQ1,ENSG00000086506,-1
LUC7L,ENSG00000007392,-1
MRPL28,ENSG00000086504,27
NME4,ENSG00000103202,-1
METTL26,ENSG00000130731,36
STUB1,ENSG00000103266,27
METRN,ENSG00000103260,-1
UBE2I,ENSG00000103275,-1
TELO2,ENSG00000100726,19
JPT2,ENSG00000206053,41
MRPS34,ENSG00000074071,-1
HAGH,ENSG00000063854,-1
NDUFB10,ENSG00000140990,27
RPS2,ENSG00000140988,-1
TBL3,ENSG00000183751,-1
GFER,ENSG00000127554,24
ZNF598,ENSG00000167962,-1
NPW,ENSG00000183971,41
NTHL1,ENSG00000065057,49
SNHG19,ENSG00000260260,6
PGP,ENSG00000184207,27
E4F1,ENSG00000167967,-1
ECI1,ENSG00000167969,-1
RNPS1,ENSG00000205937,27
CCNF,ENSG00000162063,7
ATP6V0C,ENSG00000185883,43
PDPK1,ENSG00000140992,-1
SRRM2,ENSG00000167978,-1
ELOB,ENSG00000103363,-1
PRSS21,ENSG00000007038,-1
FLYWCH2,ENSG00000162076,-1
HCFC1R1,ENSG00000103145,-1
THOC6,ENSG00000131652,-1
TRAP1,ENSG00000126602,33
CREBBP,ENSG00000005339,-1
TFAP4,ENSG00000090447,-1
PAM16,ENSG00000217930,27
DNAJA3,ENSG00000103423,-1
NMRAL1,ENSG00000153406,-1
MGRN1,ENSG00000102858,-1
GLYR1,ENSG00000140632,39
UBN1,ENSG00000118900,-1
CARHSP1,ENSG00000153048,11
C16orf72,ENSG00000182831,39
ATF7IP2,ENSG00000166669,6
NUBP1,ENSG00000103274,-1
SOCS1,ENSG00000185338,14
RSL1D1,ENSG00000171490,36
GSPT1,ENSG00000103342,36
PARN,ENSG00000140694,-1
NOMO1,ENSG00000103512,-1
RPS15A,ENSG00000134419,5
ARL6IP1,ENSG00000170540,-1
ACSM3,ENSG00000005187,6
THUMPD1,ENSG00000066654,-1
UQCRC2,ENSG00000140740,-1
MOSMO,ENSG00000185716,-1
POLR3E,ENSG00000058600,-1
EARS2,ENSG00000103356,41
NDUFAB1,ENSG00000004779,-1
DCTN5,ENSG00000166847,-1
PRKCB,ENSG00000166501,14
RBBP6,ENSG00000122257,-1
TNRC6A,ENSG00000090905,-1
GTF3C1,ENSG00000077235,-1
EIF3C,ENSG00000184110,-1
TUFM,ENSG00000178952,-1
BOLA2,ENSG00000183336,27
SPN,ENSG00000197471,41
QPRT,ENSG00000103485,21
CDIPT,ENSG00000103502,-1
TMEM219,ENSG00000149932,42
ALDOA,ENSG00000149925,-1
PPP4C,ENSG00000149923,39
CD2BP2,ENSG00000169217,-1
DCTPP1,ENSG00000179958,-1
SEPHS2,ENSG00000179918,-1
RNF40,ENSG00000103549,-1
SETD1A,ENSG00000099381,-1
KAT8,ENSG00000103510,20
FUS,ENSG00000089280,32
PYCARD,ENSG00000103490,14
VPS35,ENSG00000069329,-1
ORC6,ENSG00000091651,9
C16orf87,ENSG00000155330,-1
DNAJA2,ENSG00000069345,-1
NETO2,ENSG00000171208,-1
PHKB,ENSG00000102893,-1
CHD9,ENSG00000177200,-1
CRNDE,ENSG00000245694,16
NUDT21,ENSG00000167005,-1
OGFOD1,ENSG00000087263,-1
MT1X,ENSG00000187193,-1
HERPUD1,ENSG00000051108,3
FAM192A,ENSG00000172775,-1
CIAPIN1,ENSG00000005194,-1
POLR2C,ENSG00000102978,-1
CSNK2A2,ENSG00000070770,-1
GINS3,ENSG00000181938,19
CNOT1,ENSG00000125107,-1
CKLF,ENSG00000217555,14
CMTM3,ENSG00000140931,14
NAE1,ENSG00000159593,33
CIAO2B,ENSG00000166595,-1
E2F4,ENSG00000205250,39
TMEM208,ENSG00000168701,-1
GFOD2,ENSG00000141098,-1
THAP11,ENSG00000168286,-1
EDC4,ENSG00000038358,44
SNTB2,ENSG00000168807,-1
VPS4A,ENSG00000132612,27
COG8,ENSG00000213380,-1
NIP7,ENSG00000132603,36
NFAT5,ENSG00000102908,-1
NQO1,ENSG00000181019,-1
NOB1,ENSG00000141101,41
EXOSC6,ENSG00000223496,-1
AARS,ENSG00000090861,-1
COG4,ENSG00000103051,-1
CMTR2,ENSG00000180917,-1
IST1,ENSG00000182149,-1
DHODH,ENSG00000102967,-1
PSMD7,ENSG00000103035,8
ZNRF1,ENSG00000186187,-1
CFDP1,ENSG00000153774,-1
GABARAPL2,ENSG00000034713,-1
KARS,ENSG00000065427,51
TERF2IP,ENSG00000166848,-1
CMC2,ENSG00000103121,-1
GCSH,ENSG00000140905,34
PLCG2,ENSG00000197943,-1
MPHOSPH6,ENSG00000135698,51
HSBP1,ENSG00000230989,-1
COTL1,ENSG00000103187,10
ZDHHC7,ENSG00000153786,-1
GINS2,ENSG00000131153,-1
EMC8,ENSG00000131148,27
COX4I1,ENSG00000131143,-1
MAP1LC3B,ENSG00000140941,42
SLC7A5,ENSG00000103257,16
BANP,ENSG00000172530,6
ZC3H18,ENSG00000158545,-1
CYBA,ENSG00000051523,14
MVD,ENSG00000167508,2
CTU2,ENSG00000174177,51
APRT,ENSG00000198931,32
TRAPPC2L,ENSG00000167515,-1
CBFA2T3,ENSG00000129993,-1
ANKRD11,ENSG00000167522,-1
SPG7,ENSG00000197912,-1
RPL13,ENSG00000167526,5
DEF8,ENSG00000140995,-1
VPS53,ENSG00000141252,-1
GEMIN4,ENSG00000179409,-1
PRPF8,ENSG00000174231,-1
SERPINF1,ENSG00000132386,-1
TSR1,ENSG00000167721,-1
MNT,ENSG00000070444,-1
METTL16,ENSG00000127804,-1
CLUH,ENSG00000132361,31
EMC6,ENSG00000127774,28
ATP2A3,ENSG00000074370,15
MYBBP1A,ENSG00000132382,-1
PELP1,ENSG00000141456,-1
ARRB2,ENSG00000141480,-1
MED11,ENSG00000161920,-1
PSMB6,ENSG00000142507,-1
PFN1,ENSG00000108518,41
SPAG7,ENSG00000091640,-1
AC012146.1,ENSG00000234327,24
NUP88,ENSG00000108559,-1
C1QBP,ENSG00000108561,35
DHX33,ENSG00000005100,50
DERL2,ENSG00000072849,-1
MIS12,ENSG00000167842,-1
MED31,ENSG00000108590,-1
RNASEK,ENSG00000219200,40
ACADVL,ENSG00000072778,-1
PHF23,ENSG00000040633,-1
GABARAP,ENSG00000170296,-1
ELP5,ENSG00000170291,39
EIF5A,ENSG00000132507,35
GPS2,ENSG00000132522,39
POLR2A,ENSG00000181222,-1
EIF4A1,ENSG00000161960,33
WRAP53,ENSG00000141499,-1
NAA38,ENSG00000183011,-1
CHD3,ENSG00000170004,-1
VAMP2,ENSG00000220205,42
PFAS,ENSG00000178921,41
RPL26,ENSG00000161970,5
MYH10,ENSG00000133026,-1
SCO1,ENSG00000133028,50
ELAC2,ENSG00000006744,51
COX10,ENSG00000006695,39
UBB,ENSG00000170315,-1
SNHG29,ENSG00000175061,-1
FLCN,ENSG00000154803,45
COPS3,ENSG00000141030,-1
DRG2,ENSG00000108591,44
FLII,ENSG00000177731,-1
USP22,ENSG00000124422,-1
WSB1,ENSG00000109046,42
TMEM97,ENSG00000109084,2
IFT20,ENSG00000109083,-1
SUPT6H,ENSG00000109111,-1
RPL23A,ENSG00000198242,4
ERAL1,ENSG00000132591,24
PHF12,ENSG00000109118,45
NUFIP2,ENSG00000108256,-1
TP53I13,ENSG00000167543,-1
NSRP1,ENSG00000126653,39
BLMH,ENSG00000108578,-1
CRLF3,ENSG00000176390,44
ATAD5,ENSG00000176208,19
TEFM,ENSG00000172171,-1
NF1,ENSG00000196712,43
UTP6,ENSG00000108651,36
ZNF207,ENSG00000010244,-1
PSMD11,ENSG00000108671,8
TMEM98,ENSG00000006042,-1
NLE1,ENSG00000073536,41
SNHG30,ENSG00000267321,-1
AP2B1,ENSG00000006125,-1
TAF15,ENSG00000270647,-1
ZNHIT3,ENSG00000273611,-1
GGNBP2,ENSG00000278311,29
MRM1,ENSG00000278619,-1
AATF,ENSG00000275700,27
TADA2A,ENSG00000276234,-1
DDX52,ENSG00000278053,18
MLLT6,ENSG00000275023,37
PSMB3,ENSG00000277791,8
RPL23,ENSG00000125691,5
RPL19,ENSG00000108298,4
MED1,ENSG00000125686,-1
CDK12,ENSG00000167258,-1
PNMT,ENSG00000141744,-1
IKZF3,ENSG00000161405,39
PSMD3,ENSG00000108344,8
MED24,ENSG00000008838,44
MSL1,ENSG00000188895,-1
CASC3,ENSG00000108349,39
TOP2A,ENSG00000131747,7
SMARCE1,ENSG00000073584,-1
KRT10,ENSG00000186395,-1
TMEM99,ENSG00000167920,23
EIF1,ENSG00000173812,-1
JUP,ENSG00000173801,-1
ACLY,ENSG00000131473,-1
DNAJC7,ENSG00000168259,27
STAT5B,ENSG00000173757,-1
STAT5A,ENSG00000126561,-1
STAT3,ENSG00000168610,-1
CAVIN1,ENSG00000177469,10
ATP6V0A1,ENSG00000033627,-1
VPS25,ENSG00000131475,12
COA3,ENSG00000183978,28
PSME3,ENSG00000131467,49
RPL27,ENSG00000131469,0
VAT1,ENSG00000108828,21
ETV4,ENSG00000175832,-1
LSM12,ENSG00000161654,27
GRN,ENSG00000030582,40
DBF4B,ENSG00000161692,19
HEXIM1,ENSG00000186834,-1
FMNL1,ENSG00000184922,14
MYL4,ENSG00000198336,11
KPNB1,ENSG00000108424,36
MRPL10,ENSG00000159111,-1
SP2,ENSG00000167182,39
PNPO,ENSG00000108439,-1
HOXB2,ENSG00000173917,29
HOXB9,ENSG00000170689,16
CALCOCO2,ENSG00000136436,-1
ATP5MC1,ENSG00000159199,-1
SNF8,ENSG00000159210,-1
IGF2BP1,ENSG00000159217,51
PHB,ENSG00000167085,33
KAT7,ENSG00000136504,-1
MRPL27,ENSG00000108826,-1
LUC7L3,ENSG00000108848,-1
NME1,ENSG00000239672,35
NME2,ENSG00000243678,35
UTP18,ENSG00000011260,27
COX11,ENSG00000166260,24
STXBP4,ENSG00000166263,44
MRPS23,ENSG00000181610,27
SRSF1,ENSG00000136450,-1
DYNLL2,ENSG00000264364,-1
AC004687.1,ENSG00000265206,6
SUPT4H1,ENSG00000213246,43
RAD51C,ENSG00000108384,18
SMG8,ENSG00000167447,-1
CLTC,ENSG00000141367,-1
VMP1,ENSG00000062716,14
INTS2,ENSG00000108506,48
MED13,ENSG00000108510,43
METTL2A,ENSG00000087995,39
TLK2,ENSG00000146872,-1
DCAF7,ENSG00000136485,-1
LIMD2,ENSG00000136490,14
CCDC47,ENSG00000108588,51
FTSJ3,ENSG00000108592,-1
PSMC5,ENSG00000087191,-1
POLG2,ENSG00000256525,-1
DDX5,ENSG00000108654,-1
CEP95,ENSG00000258890,-1
PRKCA,ENSG00000154229,-1
PSMD12,ENSG00000197170,8
NOL11,ENSG00000130935,27
BPTF,ENSG00000171634,40
RPL38,ENSG00000172809,0
GPRC5C,ENSG00000170412,14
SLC9A3R1,ENSG00000109062,-1
MRPL58,ENSG00000167862,28
ATP5PD,ENSG00000167863,-1
JPT1,ENSG00000189159,7
SUMO2,ENSG00000188612,7
NUP85,ENSG00000125450,-1
MRPS7,ENSG00000125445,-1
GRB2,ENSG00000177885,-1
TSEN54,ENSG00000182173,-1
GALK1,ENSG00000108479,-1
H3F3B,ENSG00000132475,-1
WBP2,ENSG00000132471,42
MRPL38,ENSG00000204316,27
SRP68,ENSG00000167881,24
EXOC7,ENSG00000182473,-1
UBALD2,ENSG00000185262,43
SNHG16,ENSG00000163597,0
ST6GALNAC1,ENSG00000070526,-1
METTL23,ENSG00000181038,-1
SRSF2,ENSG00000161547,34
PGS1,ENSG00000087157,-1
USP36,ENSG00000055483,39
RPTOR,ENSG00000141564,39
CHMP6,ENSG00000176108,-1
NDUFAF8,ENSG00000224877,27
ACTG1,ENSG00000184009,16
OXLD1,ENSG00000204237,26
HGS,ENSG00000185359,-1
MRPL12,ENSG00000262814,-1
MCRIP1,ENSG00000225663,-1
P4HB,ENSG00000185624,3
ALYREF,ENSG00000183684,32
ANAPC11,ENSG00000141552,-1
SIRT7,ENSG00000187531,-1
MAFG,ENSG00000197063,43
PYCR1,ENSG00000183010,16
CENPX,ENSG00000169689,-1
RAC3,ENSG00000169750,36
DCXR,ENSG00000169738,51
GPS1,ENSG00000169727,-1
FASN,ENSG00000169710,1
CD7,ENSG00000173762,-1
NARF,ENSG00000141562,-1
METRNL,ENSG00000176845,22
USP14,ENSG00000101557,49
TYMS,ENSG00000176890,-1
YES1,ENSG00000176105,-1
MYL12A,ENSG00000101608,38
AP001531.1,ENSG00000287719,11
NDUFV2,ENSG00000178127,49
ANKRD12,ENSG00000101745,-1
TWSG1,ENSG00000128791,-1
VAPA,ENSG00000101558,39
AFG3L2,ENSG00000141385,-1
PTPN2,ENSG00000175354,-1
SEH1L,ENSG00000085415,50
FAM210A,ENSG00000177150,-1
RNMT,ENSG00000101654,-1
SNRPD1,ENSG00000167088,-1
MIB1,ENSG00000101752,-1
RBBP8,ENSG00000101773,19
RIOK3,ENSG00000101782,22
DSC2,ENSG00000134755,-1
DSG2,ENSG00000046604,44
INO80C,ENSG00000153391,44
GALNT1,ENSG00000141429,-1
C18orf21,ENSG00000141428,39
RPRD1A,ENSG00000141425,-1
SLC39A6,ENSG00000141424,-1
ELP2,ENSG00000134759,-1
ATP5F1A,ENSG00000152234,-1
HAUS1,ENSG00000152240,-1
IER3IP1,ENSG00000134049,-1
C18orf32,ENSG00000177576,-1
RPL17,ENSG00000265681,5
CXXC1,ENSG00000154832,44
TCF4,ENSG00000196628,-1
NARS,ENSG00000134440,-1
CNDP2,ENSG00000133313,39
TXNL4A,ENSG00000141759,-1
RBFA,ENSG00000101546,51
ADNP2,ENSG00000101544,-1
TPGS1,ENSG00000141933,43
CDC34,ENSG00000099804,26
BSG,ENSG00000172270,40
POLRMT,ENSG00000099821,-1
PRSS57,ENSG00000185198,16
PLPPR3,ENSG00000129951,-1
CFD,ENSG00000197766,14
MED16,ENSG00000175221,-1
ARID3A,ENSG00000116017,43
WDR18,ENSG00000065268,49
TMEM259,ENSG00000182087,-1
CNN2,ENSG00000064666,10
POLR2E,ENSG00000099817,49
GPX4,ENSG00000167468,-1
ATP5F1D,ENSG00000099624,-1
MIDN,ENSG00000167470,-1
CIRBP,ENSG00000099622,-1
NDUFS7,ENSG00000115286,-1
GAMT,ENSG00000130005,-1
DAZAP1,ENSG00000071626,-1
RPS15,ENSG00000115268,0
REEP6,ENSG00000115255,11
MBD3,ENSG00000071655,-1
UQCR11,ENSG00000127540,-1
KLF16,ENSG00000129911,39
MKNK2,ENSG00000099875,38
PLEKHJ1,ENSG00000104886,27
SF3A2,ENSG00000104897,-1
OAZ1,ENSG00000104904,7
LSM7,ENSG00000130332,-1
TIMM13,ENSG00000099800,-1
SLC39A3,ENSG00000141873,32
THOP1,ENSG00000172009,-1
TLE5,ENSG00000104964,-1
NFIC,ENSG00000141905,37
DOHH,ENSG00000129932,-1
MRPL54,ENSG00000183617,-1
EEF2,ENSG00000167658,5
MAP2K2,ENSG00000126934,27
SH3GL1,ENSG00000141985,-1
CHAF1A,ENSG00000167670,-1
HDGFL2,ENSG00000167674,-1
MYDGF,ENSG00000074842,3
PLIN3,ENSG00000105355,10
UHRF1,ENSG00000276043,-1
SAFB2,ENSG00000130254,-1
RPL36,ENSG00000130255,0
MICOS13,ENSG00000174917,-1
LONP1,ENSG00000196365,16
NDUFA11,ENSG00000174886,27
RANBP3,ENSG00000031823,-1
MLLT1,ENSG00000130382,-1
CLPP,ENSG00000125656,50
ZNF358,ENSG00000198816,-1
TRAPPC5,ENSG00000181029,12
MAP2K7,ENSG00000076984,-1
SNAPC2,ENSG00000104976,-1
TIMM44,ENSG00000104980,27
ELAVL1,ENSG00000066044,39
CD320,ENSG00000167775,-1
NDUFA7,ENSG00000267855,44
RPS28,ENSG00000233927,4
HNRNPM,ENSG00000099783,33
ZNF414,ENSG00000133250,-1
ZNF317,ENSG00000130803,-1
ZNF561,ENSG00000171469,-1
UBL5,ENSG00000198258,-1
PIN1,ENSG00000127445,28
PPAN,ENSG00000130810,36
EIF3G,ENSG00000130811,27
DNMT1,ENSG00000130816,-1
MRPL4,ENSG00000105364,36
FDX2,ENSG00000267673,-1
TYK2,ENSG00000105397,47
CDC37,ENSG00000105401,-1
KEAP1,ENSG00000079999,-1
KRI1,ENSG00000129347,-1
ILF3-DT,ENSG00000267100,6
ILF3,ENSG00000129351,32
CARM1,ENSG00000142453,51
TMEM205,ENSG00000105518,-1
ECSIT,ENSG00000130159,-1
ELOF1,ENSG00000130165,-1
ACP5,ENSG00000102575,40
WDR83OS,ENSG00000105583,22
DHPS,ENSG00000095059,-1
GET3,ENSG00000198356,-1
JUNB,ENSG00000171223,17
PRDX2,ENSG00000167815,11
MAST1,ENSG00000105613,-1
KLF1,ENSG00000105610,11
FARSA,ENSG00000179115,27
CALR,ENSG00000179218,3
RAD23A,ENSG00000179262,23
GADD45GIP1,ENSG00000179271,-1
LYL1,ENSG00000104903,-1
IER2,ENSG00000160888,17
CCDC130,ENSG00000104957,-1
DDX39A,ENSG00000123136,32
PKN1,ENSG00000123143,-1
DNAJB1,ENSG00000132002,-1
TECR,ENSG00000099797,-1
NDUFB7,ENSG00000099795,13
BRD4,ENSG00000141867,22
AKAP8L,ENSG00000011243,-1
WIZ,ENSG00000011451,-1
UCA1,ENSG00000214049,-1
TPM4,ENSG00000167460,14
FAM32A,ENSG00000105058,-1
CHERP,ENSG00000085872,-1
MED26,ENSG00000105085,-1
SMIM7,ENSG00000214046,26
SIN3B,ENSG00000127511,-1
USE1,ENSG00000053501,-1
MRPL34,ENSG00000130312,36
DDA1,ENSG00000130311,39
BST2,ENSG00000130303,10
PGLS,ENSG00000130313,-1
RPL18A,ENSG00000105640,4
CCDC124,ENSG00000007080,49
PIK3R2,ENSG00000105647,-1
JUND,ENSG00000130522,17
LSM4,ENSG00000130520,36
PGPEP1,ENSG00000130517,22
GDF15,ENSG00000130513,17
ELL,ENSG00000105656,-1
UBA52,ENSG00000221983,0
REX1BD,ENSG00000006015,-1
UPF1,ENSG00000005007,-1
COPE,ENSG00000105669,22
DDX49,ENSG00000105671,-1
HOMER3,ENSG00000051128,-1
TMEM161A,ENSG00000064545,-1
NR2C2AP,ENSG00000184162,-1
SUGP1,ENSG00000105705,-1
MAU2,ENSG00000129933,45
NDUFA13,ENSG00000186010,-1
ZNF714,ENSG00000160352,39
ZNF431,ENSG00000196705,-1
ZNF708,ENSG00000182141,-1
ZNF675,ENSG00000197372,-1
LINC00662,ENSG00000261824,15
AC079466.1,ENSG00000266976,11
UQCRFS1,ENSG00000169021,-1
POP4,ENSG00000105171,-1
CCNE1,ENSG00000105173,-1
URI1,ENSG00000105176,50
ZNF507,ENSG00000168813,-1
PDCD5,ENSG00000105185,27
ANKRD27,ENSG00000105186,-1
GPATCH1,ENSG00000076650,39
CEBPG,ENSG00000153879,15
UBA2,ENSG00000126261,-1
FXYD5,ENSG00000089327,-1
TMEM147,ENSG00000105677,28
RBM42,ENSG00000126254,-1
COX6B1,ENSG00000126267,13
POLR2I,ENSG00000105258,-1
TBCB,ENSG00000105254,39
CAPNS1,ENSG00000126247,-1
PPP1R14A,ENSG00000167641,27
PSMD8,ENSG00000099341,-1
EIF3K,ENSG00000178982,-1
ACTN4,ENSG00000130402,46
HNRNPL,ENSG00000104824,-1
NFKBIB,ENSG00000104825,-1
SARS2,ENSG00000104835,-1
MRPS12,ENSG00000128626,-1
FBXO17,ENSG00000269190,26
GMFG,ENSG00000130755,10
SAMD4B,ENSG00000179134,45
PAF1,ENSG00000006712,-1
MED29,ENSG00000063322,-1
RPS16,ENSG00000105193,4
SUPT5H,ENSG00000196235,43
TIMM50,ENSG00000105197,-1
FBL,ENSG00000105202,32
PSMC4,ENSG00000013275,8
AKT2,ENSG00000105221,47
PLD3,ENSG00000105223,40
BLVRB,ENSG00000090013,11
LTBP4,ENSG00000090006,-1
SNRPA,ENSG00000077312,-1
TGFB1,ENSG00000105329,38
EXOSC5,ENSG00000077348,27
RPS19,ENSG00000105372,4
RABAC1,ENSG00000105404,-1
ZNF574,ENSG00000105732,-1
ETHE1,ENSG00000105755,-1
ZNF428,ENSG00000131116,-1
SMG9,ENSG00000105771,-1
TOMM40,ENSG00000130204,-1
APOE,ENSG00000130203,21
APOC1,ENSG00000130208,11
CLASRP,ENSG00000104859,-1
PPP1R37,ENSG00000104866,-1
TRAPPC6A,ENSG00000007255,42
ERCC2,ENSG00000104884,-1
CD3EAP,ENSG00000117877,-1
ERCC1,ENSG00000012061,-1
VASP,ENSG00000125753,14
SNRPD2,ENSG00000125743,41
SYMPK,ENSG00000125755,-1
IGFL2-AS1,ENSG00000268621,21
CALM3,ENSG00000160014,-1
SLC1A5,ENSG00000105281,16
AP2S1,ENSG00000042753,-1
TMEM160,ENSG00000130748,49
ZC3H4,ENSG00000130749,-1
SAE1,ENSG00000142230,-1
CCDC9,ENSG00000105321,48
NOP53,ENSG00000105373,-1
SELENOW,ENSG00000178980,-1
EMP3,ENSG00000142227,38
KDELR1,ENSG00000105438,3
RPL18,ENSG00000063177,5
PPP1R15A,ENSG00000087074,-1
NUCB1,ENSG00000104805,-1
BAX,ENSG00000087088,-1
FTL,ENSG00000087086,-1
SNRNP70,ENSG00000104852,31
PIH1D1,ENSG00000104872,19
RPL13A,ENSG00000142541,4
RPS11,ENSG00000142534,4
FCGRT,ENSG00000104870,-1
NOSIP,ENSG00000142546,-1
PRMT1,ENSG00000126457,-1
AP2A1,ENSG00000196961,-1
AKT1S1,ENSG00000204673,44
NUP62,ENSG00000213024,19
ATF5,ENSG00000169136,-1
POLD1,ENSG00000062822,19
CTU1,ENSG00000142544,-1
CD33,ENSG00000105383,10
ETFB,ENSG00000105379,-1
PPP2R1A,ENSG00000105568,-1
ZNF83,ENSG00000167766,-1
NDUFA3,ENSG00000170906,39
TFPT,ENSG00000105619,-1
PRPF31,ENSG00000105618,-1
CNOT3,ENSG00000088038,39
MBOAT7,ENSG00000125505,-1
RPS9,ENSG00000170889,5
LENG8,ENSG00000167615,-1
TNNT1,ENSG00000105048,10
DNAAF3,ENSG00000167646,51
RPL28,ENSG00000108107,4
UBE2S,ENSG00000108106,7
ISOC2,ENSG00000063241,32
ZNF580,ENSG00000213015,-1
U2AF2,ENSG00000063244,31
ZNF787,ENSG00000142409,-1
AC005261.1,ENSG00000268205,-1
ERVK3-1,ENSG00000142396,23
RPS5,ENSG00000083845,4
SLC27A5,ENSG00000083807,-1
TRIM28,ENSG00000130726,31
CHMP2A,ENSG00000130724,-1
UBE2M,ENSG00000130725,-1
TRIB3,ENSG00000101255,15
CSNK2A1,ENSG00000101266,39
SNRPB,ENSG00000125835,-1
NOP56,ENSG00000101361,33
IDH3B,ENSG00000101365,8
MRPS26,ENSG00000125901,36
FASTKD5,ENSG00000215251,-1
DDRGK1,ENSG00000198171,24
CDC25B,ENSG00000101224,7
TMEM230,ENSG00000089063,-1
CDS2,ENSG00000101290,-1
ESF1,ENSG00000089048,-1
NDUFAF5,ENSG00000101247,-1
SNX5,ENSG00000089006,41
PET117,ENSG00000232838,-1
POLR3F,ENSG00000132664,-1
SMIM26,ENSG00000232388,-1
NAA20,ENSG00000173418,-1
XRN2,ENSG00000088930,-1
NXT1,ENSG00000132661,27
CST3,ENSG00000101439,40
GINS1,ENSG00000101003,-1
ID1,ENSG00000125968,10
TPX2,ENSG00000088325,7
PDRG1,ENSG00000088356,-1
ASXL1,ENSG00000171456,47
COMMD7,ENSG00000149600,22
E2F1,ENSG00000101412,19
EIF2S2,ENSG00000125977,41
AHCY,ENSG00000101444,-1
DYNLRB1,ENSG00000125971,22
ACSS2,ENSG00000131069,2
MMP24OS,ENSG00000126005,-1
EIF6,ENSG00000242372,27
CPNE1,ENSG00000214078,-1
RBM12,ENSG00000244462,41
NFS1,ENSG00000244005,44
ROMO1,ENSG00000125995,12
RBM39,ENSG00000131051,-1
SCAND1,ENSG00000171222,43
AAR2,ENSG00000131043,-1
RAB5IF,ENSG00000101084,27
DSN1,ENSG00000149636,19
RPN2,ENSG00000118705,-1
CTNNBL1,ENSG00000132792,18
TTI1,ENSG00000101407,44
RPRD1B,ENSG00000101413,39
SNHG17,ENSG00000196756,26
TOP1,ENSG00000198900,44
MYBL2,ENSG00000101057,-1
SERINC3,ENSG00000132824,43
PKIG,ENSG00000168734,30
ADA,ENSG00000196839,-1
YWHAB,ENSG00000166913,-1
DBNDD2,ENSG00000244274,-1
DNTTIP1,ENSG00000101457,-1
TP53RK,ENSG00000172315,39
NCOA3,ENSG00000124151,42
CSE1L,ENSG00000124207,32
DDX27,ENSG00000124228,27
ZFAS1,ENSG00000177410,-1
B4GALT5,ENSG00000158470,-1
RNF114,ENSG00000124226,23
UBE2V1,ENSG00000244687,-1
CEBPB,ENSG00000172216,15
PTPN1,ENSG00000196396,-1
ADNP,ENSG00000101126,39
FAM210B,ENSG00000124098,11
CSTF1,ENSG00000101138,44
RAE1,ENSG00000101146,24
CTCFL,ENSG00000124092,37
VAPB,ENSG00000124164,26
STX16,ENSG00000124222,22
GNAS,ENSG00000087460,-1
NELFCD,ENSG00000101158,41
CTSZ,ENSG00000101160,-1
ATP5F1E,ENSG00000124172,13
PRELID3B,ENSG00000101166,-1
SYCP2,ENSG00000196074,-1
PSMA7,ENSG00000101182,-1
ADRM1,ENSG00000130706,8
RPS21,ENSG00000171858,-1
MRGBP,ENSG00000101189,-1
PPDPF,ENSG00000125534,-1
PRPF6,ENSG00000101161,-1
AC079801.1,ENSG00000279669,11
SAMSN1,ENSG00000155307,42
NRIP1,ENSG00000180530,-1
MRPL39,ENSG00000154719,27
ATP5PF,ENSG00000154723,-1
N6AMT1,ENSG00000156239,-1
LTN1,ENSG00000198862,-1
CCT8,ENSG00000156261,33
SOD1,ENSG00000142168,32
SCAF4,ENSG00000156304,45
MIS18A,ENSG00000159055,28
PAXBP1,ENSG00000159086,-1
IFNGR2,ENSG00000159128,-1
GART,ENSG00000159131,32
SON,ENSG00000159140,-1
DONSON,ENSG00000159147,19
ATP5PO,ENSG00000241837,28
MRPS6,ENSG00000243927,24
SLC5A3,ENSG00000198743,48
CHAF1B,ENSG00000159259,19
PIGP,ENSG00000185808,-1
TTC3,ENSG00000182670,-1
DSCR8,ENSG00000198054,40
PSMG1,ENSG00000183527,36
HMGN1,ENSG00000205581,-1
GET1,ENSG00000182093,-1
PKNOX1,ENSG00000160199,47
RRP1B,ENSG00000160208,36
PDXK,ENSG00000160209,-1
CSTB,ENSG00000160213,21
RRP1,ENSG00000160214,36
PFKL,ENSG00000141959,-1
SUMO3,ENSG00000184900,-1
PTTG1IP,ENSG00000183255,-1
FAM207A,ENSG00000160256,-1
COL18A1,ENSG00000182871,11
SPATC1L,ENSG00000160284,-1
MCM3AP,ENSG00000160294,-1
YBEY,ENSG00000182362,12
PRMT2,ENSG00000160310,20
DUXAP8,ENSG00000206195,-1
ATP6V1E1,ENSG00000131100,22
BID,ENSG00000015475,41
SLC25A1,ENSG00000100075,-1
HIRA,ENSG00000100084,44
C22orf39,ENSG00000242259,-1
MRPL40,ENSG00000185608,-1
UFD1,ENSG00000070010,8
CDC45,ENSG00000093009,32
GP1BB,ENSG00000203618,10
TBX1,ENSG00000184058,36
GNB1L,ENSG00000185838,-1
RTL10,ENSG00000215012,-1
TXNRD2,ENSG00000184470,45
COMT,ENSG00000093010,-1
TANGO2,ENSG00000183597,-1
DGCR8,ENSG00000128191,19
RANBP1,ENSG00000099901,35
DGCR6L,ENSG00000128185,23
MED15,ENSG00000099917,43
SNAP29,ENSG00000099940,21
LZTR1,ENSG00000099949,-1
THAP7,ENSG00000184436,27
HIC2,ENSG00000169635,-1
UBE2L3,ENSG00000185651,-1
YDJC,ENSG00000161179,32
SDF2L1,ENSG00000128228,3
MAPK1,ENSG00000100030,29
ZNF280B,ENSG00000275004,-1
PRAME,ENSG00000185686,42
BCR,ENSG00000186716,-1
PCAT14,ENSG00000280623,-1
CHCHD10,ENSG00000250479,32
SMARCB1,ENSG00000099956,-1
MIF,ENSG00000240972,35
DDT,ENSG00000099977,-1
CABIN1,ENSG00000099991,48
SNRPD3,ENSG00000100028,-1
HPS4,ENSG00000100099,-1
TPST2,ENSG00000128294,-1
HSCB,ENSG00000100209,-1
XBP1,ENSG00000100219,15
THOC5,ENSG00000100296,-1
ZMAT5,ENSG00000100319,-1
UQCR10,ENSG00000184076,-1
PES1,ENSG00000100029,-1
EIF4ENIF1,ENSG00000184708,-1
DEPDC5,ENSG00000100150,-1
YWHAH,ENSG00000128245,-1
RTCB,ENSG00000100220,-1
HMGXB4,ENSG00000100281,-1
MCM5,ENSG00000100297,32
RBFOX2,ENSG00000100320,37
MYH9,ENSG00000100345,38
TXN2,ENSG00000100348,-1
FOXRED2,ENSG00000100350,-1
EIF3D,ENSG00000100353,-1
RAC2,ENSG00000128340,14
CDC42EP1,ENSG00000128283,-1
LGALS1,ENSG00000100097,14
NOL12,ENSG00000273899,-1
GCAT,ENSG00000100116,-1
EIF3L,ENSG00000100129,0
POLR2F,ENSG00000100142,-1
DDX17,ENSG00000100201,42
TOMM22,ENSG00000100216,-1
RPL3,ENSG00000100316,5
ATF4,ENSG00000128272,15
RPS19BP1,ENSG00000187051,23
TNRC6B,ENSG00000100354,40
ADSL,ENSG00000239900,-1
ST13,ENSG00000100380,43
RBX1,ENSG00000100387,-1
EP300,ENSG00000100393,43
RANGAP1,ENSG00000100401,-1
PHF5A,ENSG00000100410,44
DESI1,ENSG00000100418,-1
XRCC6,ENSG00000196419,-1
SNU13,ENSG00000100138,36
CENPM,ENSG00000100162,9
SMDT1,ENSG00000183172,22
NDUFA6,ENSG00000184983,-1
RRP7A,ENSG00000189306,-1
TSPO,ENSG00000100300,-1
SAMM50,ENSG00000100347,-1
FAM118A,ENSG00000100376,-1
ATXN10,ENSG00000130638,27
CERK,ENSG00000100422,39
AL117329.1,ENSG00000224271,42
TRABD,ENSG00000170638,-1
SLC25A6,ENSG00000169100,-1
DHRSX,ENSG00000169084,-1
ZBED1,ENSG00000214717,-1
CD99,ENSG00000002586,-1
BX890604.2,ENSG00000285756,-1
PNPLA4,ENSG00000006757,-1
HCCS,ENSG00000004961,27
ARHGAP6,ENSG00000047648,-1
MSL3,ENSG00000005302,-1
TMSB4X,ENSG00000205542,14
GEMIN8,ENSG00000046647,-1
TXLNG,ENSG00000086712,-1
PDHA1,ENSG00000131828,49
SH3KBP1,ENSG00000147010,-1
EIF1AX,ENSG00000173674,33
MBTPS2,ENSG00000012174,-1
PRDX4,ENSG00000123131,-1
SAT1,ENSG00000130066,-1
EIF2S3,ENSG00000130741,-1
ATP6AP2,ENSG00000182220,42
MED14,ENSG00000180182,-1
DDX3X,ENSG00000215301,-1
KDM6A,ENSG00000147050,-1
NDUFB11,ENSG00000147123,39
RBM10,ENSG00000182872,44
UBA1,ENSG00000130985,-1
TIMP1,ENSG00000102265,40
UXT,ENSG00000126756,22
RBM3,ENSG00000102317,41
WAS,ENSG00000015285,10
GATA1,ENSG00000102145,-1
HDAC6,ENSG00000094631,37
PQBP1,ENSG00000102103,26
TIMM17B,ENSG00000126768,12
PLP2,ENSG00000102007,14
KDM5C,ENSG00000126012,37
SMC1A,ENSG00000072501,-1
HSD17B10,ENSG00000072506,27
HUWE1,ENSG00000086758,-1
TSR2,ENSG00000158526,-1
GNL3L,ENSG00000130119,-1
MAGED2,ENSG00000102316,-1
ALAS2,ENSG00000158578,11
LAS1L,ENSG00000001497,-1
MSN,ENSG00000147065,10
AL034397.3,ENSG00000274536,-1
HEPH,ENSG00000089472,-1
IGBP1,ENSG00000089289,-1
MED12,ENSG00000184634,-1
NONO,ENSG00000147140,-1
TAF1,ENSG00000147133,45
OGT,ENSG00000147162,-1
RPS4X,ENSG00000198034,-1
XIST,ENSG00000229807,-1
FTX,ENSG00000230590,42
JPX,ENSG00000225470,-1
ABCB7,ENSG00000131269,20
ATRX,ENSG00000085224,-1
COX7B,ENSG00000131174,13
PGK1,ENSG00000102144,41
ITM2A,ENSG00000078596,-1
BRWD3,ENSG00000165288,-1
SH3BGRL,ENSG00000131171,-1
APOOL,ENSG00000155008,-1
RPL36A,ENSG00000241343,5
ARMCX3,ENSG00000102401,42
BEX4,ENSG00000102409,-1
TCEAL8,ENSG00000180964,-1
BEX2,ENSG00000133134,14
TCEAL9,ENSG00000185222,43
MORF4L2,ENSG00000123562,31
AMMECR1,ENSG00000101935,19
ALG13,ENSG00000101901,-1
WDR44,ENSG00000131725,-1
PGRMC1,ENSG00000101856,-1
SLC25A5,ENSG00000005022,-1
RPL39,ENSG00000198918,-1
UPF3B,ENSG00000125351,26
RNF113A,ENSG00000125352,-1
NKAP,ENSG00000101882,25
RHOXF2B,ENSG00000203989,41
LAMP2,ENSG00000005893,-1
MCTS1,ENSG00000232119,-1
XIAP,ENSG00000101966,-1
STAG2,ENSG00000101972,-1
UTP14A,ENSG00000156697,49
RBMX2,ENSG00000134597,-1
HPRT1,ENSG00000165704,-1
FAM122B,ENSG00000156504,-1
ARHGEF6,ENSG00000129675,-1
RBMX,ENSG00000147274,41
HMGB3,ENSG00000029993,41
VMA21,ENSG00000160131,-1
MAGEA3,ENSG00000221867,-1
CSAG1,ENSG00000198930,30
MAGEA12,ENSG00000213401,-1
MAGEA6,ENSG00000197172,-1
CCNQ,ENSG00000262919,-1
BCAP31,ENSG00000185825,-1
SSR4,ENSG00000180879,42
NAA10,ENSG00000102030,49
IRAK1,ENSG00000184216,27
RPL10,ENSG00000147403,4
TAZ,ENSG00000102125,-1
ATP6AP1,ENSG00000071553,40
FAM50A,ENSG00000071859,30
CTAG2,ENSG00000126890,36
DKC1,ENSG00000130826,-1
FUNDC2,ENSG00000165775,-1
CMC4,ENSG00000182712,-1
VBP1,ENSG00000155959,-1
MT-ND1,ENSG00000198888,1
MT-ND2,ENSG00000198763,1
MT-CO1,ENSG00000198804,1
MT-CO2,ENSG00000198712,1
MT-ATP8,ENSG00000228253,1
MT-ATP6,ENSG00000198899,1
MT-CO3,ENSG00000198938,1
MT-ND3,ENSG00000198840,1
MT-ND4L,ENSG00000212907,1
MT-ND4,ENSG00000198886,1
MT-ND5,ENSG00000198786,1
MT-ND6,ENSG00000198695,-1
MT-CYB,ENSG00000198727,1
